<?xml version="1.0" encoding="UTF-8"?>
<root>
  <item name="com.hurix.exoplayer3.drm.DefaultDrmSession DefaultDrmSession(java.util.UUID, com.hurix.exoplayer3.drm.ExoMediaDrm&lt;T&gt;, com.hurix.exoplayer3.drm.DefaultDrmSession.ProvisioningManager&lt;T&gt;, java.util.List&lt;com.hurix.exoplayer3.drm.DrmInitData.SchemeData&gt;, int, byte[], java.util.HashMap&lt;java.lang.String,java.lang.String&gt;, com.hurix.exoplayer3.drm.MediaDrmCallback, android.os.Looper, com.hurix.exoplayer3.util.EventDispatcher&lt;com.hurix.exoplayer3.drm.DefaultDrmSessionEventListener&gt;, int) 4">
    <annotation name="androidx.annotation.IntDef">
      <val name="value" val="{com.hurix.exoplayer3.drm.DefaultDrmSessionManager.MODE_PLAYBACK, com.hurix.exoplayer3.drm.DefaultDrmSessionManager.MODE_QUERY, com.hurix.exoplayer3.drm.DefaultDrmSessionManager.MODE_DOWNLOAD, com.hurix.exoplayer3.drm.DefaultDrmSessionManager.MODE_RELEASE}" />
    </annotation>
  </item>
  <item name="com.hurix.exoplayer3.drm.DefaultDrmSession int getState()">
    <annotation name="androidx.annotation.IntDef">
      <val name="value" val="{com.hurix.exoplayer3.drm.DrmSession.STATE_RELEASED, com.hurix.exoplayer3.drm.DrmSession.STATE_ERROR, com.hurix.exoplayer3.drm.DrmSession.STATE_OPENING, com.hurix.exoplayer3.drm.DrmSession.STATE_OPENED, com.hurix.exoplayer3.drm.DrmSession.STATE_OPENED_WITH_KEYS}" />
    </annotation>
  </item>
  <item name="com.hurix.exoplayer3.drm.DefaultDrmSession mode">
    <annotation name="androidx.annotation.IntDef">
      <val name="value" val="{com.hurix.exoplayer3.drm.DefaultDrmSessionManager.MODE_PLAYBACK, com.hurix.exoplayer3.drm.DefaultDrmSessionManager.MODE_QUERY, com.hurix.exoplayer3.drm.DefaultDrmSessionManager.MODE_DOWNLOAD, com.hurix.exoplayer3.drm.DefaultDrmSessionManager.MODE_RELEASE}" />
    </annotation>
  </item>
  <item name="com.hurix.exoplayer3.drm.DefaultDrmSession state">
    <annotation name="androidx.annotation.IntDef">
      <val name="value" val="{com.hurix.exoplayer3.drm.DrmSession.STATE_RELEASED, com.hurix.exoplayer3.drm.DrmSession.STATE_ERROR, com.hurix.exoplayer3.drm.DrmSession.STATE_OPENING, com.hurix.exoplayer3.drm.DrmSession.STATE_OPENED, com.hurix.exoplayer3.drm.DrmSession.STATE_OPENED_WITH_KEYS}" />
    </annotation>
  </item>
  <item name="com.hurix.exoplayer3.drm.DefaultDrmSessionManager void setMode(int, byte[]) 0">
    <annotation name="androidx.annotation.IntDef">
      <val name="value" val="{com.hurix.exoplayer3.drm.DefaultDrmSessionManager.MODE_PLAYBACK, com.hurix.exoplayer3.drm.DefaultDrmSessionManager.MODE_QUERY, com.hurix.exoplayer3.drm.DefaultDrmSessionManager.MODE_DOWNLOAD, com.hurix.exoplayer3.drm.DefaultDrmSessionManager.MODE_RELEASE}" />
    </annotation>
  </item>
  <item name="com.hurix.exoplayer3.drm.DefaultDrmSessionManager.Mode">
    <annotation name="androidx.annotation.IntDef">
      <val name="value" val="{com.hurix.exoplayer3.drm.DefaultDrmSessionManager.MODE_PLAYBACK, com.hurix.exoplayer3.drm.DefaultDrmSessionManager.MODE_QUERY, com.hurix.exoplayer3.drm.DefaultDrmSessionManager.MODE_DOWNLOAD, com.hurix.exoplayer3.drm.DefaultDrmSessionManager.MODE_RELEASE}" />
    </annotation>
  </item>
  <item name="com.hurix.exoplayer3.drm.DrmSession int getState()">
    <annotation name="androidx.annotation.IntDef">
      <val name="value" val="{com.hurix.exoplayer3.drm.DrmSession.STATE_RELEASED, com.hurix.exoplayer3.drm.DrmSession.STATE_ERROR, com.hurix.exoplayer3.drm.DrmSession.STATE_OPENING, com.hurix.exoplayer3.drm.DrmSession.STATE_OPENED, com.hurix.exoplayer3.drm.DrmSession.STATE_OPENED_WITH_KEYS}" />
    </annotation>
  </item>
  <item name="com.hurix.exoplayer3.drm.DrmSession.State">
    <annotation name="androidx.annotation.IntDef">
      <val name="value" val="{com.hurix.exoplayer3.drm.DrmSession.STATE_RELEASED, com.hurix.exoplayer3.drm.DrmSession.STATE_ERROR, com.hurix.exoplayer3.drm.DrmSession.STATE_OPENING, com.hurix.exoplayer3.drm.DrmSession.STATE_OPENED, com.hurix.exoplayer3.drm.DrmSession.STATE_OPENED_WITH_KEYS}" />
    </annotation>
  </item>
  <item name="com.hurix.exoplayer3.drm.OfflineLicenseHelper byte[] blockingKeyRequest(int, byte[], com.hurix.exoplayer3.drm.DrmInitData) 0">
    <annotation name="androidx.annotation.IntDef">
      <val name="value" val="{com.hurix.exoplayer3.drm.DefaultDrmSessionManager.MODE_PLAYBACK, com.hurix.exoplayer3.drm.DefaultDrmSessionManager.MODE_QUERY, com.hurix.exoplayer3.drm.DefaultDrmSessionManager.MODE_DOWNLOAD, com.hurix.exoplayer3.drm.DefaultDrmSessionManager.MODE_RELEASE}" />
    </annotation>
  </item>
  <item name="com.hurix.exoplayer3.drm.OfflineLicenseHelper com.hurix.exoplayer3.drm.DrmSession&lt;T&gt; openBlockingKeyRequest(int, byte[], com.hurix.exoplayer3.drm.DrmInitData) 0">
    <annotation name="androidx.annotation.IntDef">
      <val name="value" val="{com.hurix.exoplayer3.drm.DefaultDrmSessionManager.MODE_PLAYBACK, com.hurix.exoplayer3.drm.DefaultDrmSessionManager.MODE_QUERY, com.hurix.exoplayer3.drm.DefaultDrmSessionManager.MODE_DOWNLOAD, com.hurix.exoplayer3.drm.DefaultDrmSessionManager.MODE_RELEASE}" />
    </annotation>
  </item>
  <item name="com.hurix.exoplayer3.drm.UnsupportedDrmException UnsupportedDrmException(int) 0">
    <annotation name="androidx.annotation.IntDef">
      <val name="value" val="{com.hurix.exoplayer3.drm.UnsupportedDrmException.REASON_UNSUPPORTED_SCHEME, com.hurix.exoplayer3.drm.UnsupportedDrmException.REASON_INSTANTIATION_ERROR}" />
    </annotation>
  </item>
  <item name="com.hurix.exoplayer3.drm.UnsupportedDrmException UnsupportedDrmException(int, java.lang.Exception) 0">
    <annotation name="androidx.annotation.IntDef">
      <val name="value" val="{com.hurix.exoplayer3.drm.UnsupportedDrmException.REASON_UNSUPPORTED_SCHEME, com.hurix.exoplayer3.drm.UnsupportedDrmException.REASON_INSTANTIATION_ERROR}" />
    </annotation>
  </item>
  <item name="com.hurix.exoplayer3.drm.UnsupportedDrmException reason">
    <annotation name="androidx.annotation.IntDef">
      <val name="value" val="{com.hurix.exoplayer3.drm.UnsupportedDrmException.REASON_UNSUPPORTED_SCHEME, com.hurix.exoplayer3.drm.UnsupportedDrmException.REASON_INSTANTIATION_ERROR}" />
    </annotation>
  </item>
  <item name="com.hurix.exoplayer3.drm.UnsupportedDrmException.Reason">
    <annotation name="androidx.annotation.IntDef">
      <val name="value" val="{com.hurix.exoplayer3.drm.UnsupportedDrmException.REASON_UNSUPPORTED_SCHEME, com.hurix.exoplayer3.drm.UnsupportedDrmException.REASON_INSTANTIATION_ERROR}" />
    </annotation>
  </item>
</root>

