<?xml version="1.0" encoding="UTF-8"?>
<root>
  <item name="com.hurix.exoplayer3.ui.spherical.ProjectionRenderer.MeshData drawMode">
    <annotation name="androidx.annotation.IntDef">
      <val name="value" val="{com.hurix.exoplayer3.video.spherical.Projection.DRAW_MODE_TRIANGLES, com.hurix.exoplayer3.video.spherical.Projection.DRAW_MODE_TRIANGLES_STRIP, com.hurix.exoplayer3.video.spherical.Projection.DRAW_MODE_TRIANGLES_FAN}" />
    </annotation>
  </item>
  <item name="com.hurix.exoplayer3.ui.spherical.SceneRenderer defaultStereoMode">
    <annotation name="androidx.annotation.IntDef">
      <val name="value" val="{com.hurix.exoplayer3.C.STREAM_TYPE_ALARM, com.hurix.exoplayer3.C.STREAM_TYPE_DTMF, com.hurix.exoplayer3.C.STREAM_TYPE_MUSIC, com.hurix.exoplayer3.C.STREAM_TYPE_NOTIFICATION, com.hurix.exoplayer3.C.STREAM_TYPE_RING, com.hurix.exoplayer3.C.STREAM_TYPE_SYSTEM, com.hurix.exoplayer3.C.STREAM_TYPE_VOICE_CALL, com.hurix.exoplayer3.C.STREAM_TYPE_USE_DEFAULT}" />
    </annotation>
  </item>
  <item name="com.hurix.exoplayer3.ui.spherical.SceneRenderer lastStereoMode">
    <annotation name="androidx.annotation.IntDef">
      <val name="value" val="{com.hurix.exoplayer3.C.STREAM_TYPE_ALARM, com.hurix.exoplayer3.C.STREAM_TYPE_DTMF, com.hurix.exoplayer3.C.STREAM_TYPE_MUSIC, com.hurix.exoplayer3.C.STREAM_TYPE_NOTIFICATION, com.hurix.exoplayer3.C.STREAM_TYPE_RING, com.hurix.exoplayer3.C.STREAM_TYPE_SYSTEM, com.hurix.exoplayer3.C.STREAM_TYPE_VOICE_CALL, com.hurix.exoplayer3.C.STREAM_TYPE_USE_DEFAULT}" />
    </annotation>
  </item>
  <item name="com.hurix.exoplayer3.ui.spherical.SceneRenderer void setDefaultStereoMode(int) 0">
    <annotation name="androidx.annotation.IntDef">
      <val name="value" val="{com.hurix.exoplayer3.Format.NO_VALUE, com.hurix.exoplayer3.C.STEREO_MODE_MONO, com.hurix.exoplayer3.C.STEREO_MODE_TOP_BOTTOM, com.hurix.exoplayer3.C.STEREO_MODE_LEFT_RIGHT, com.hurix.exoplayer3.C.STEREO_MODE_STEREO_MESH}" />
    </annotation>
  </item>
  <item name="com.hurix.exoplayer3.ui.spherical.SceneRenderer void setProjection(byte[], int, long) 1">
    <annotation name="androidx.annotation.IntDef">
      <val name="value" val="{com.hurix.exoplayer3.Format.NO_VALUE, com.hurix.exoplayer3.C.STEREO_MODE_MONO, com.hurix.exoplayer3.C.STEREO_MODE_TOP_BOTTOM, com.hurix.exoplayer3.C.STEREO_MODE_LEFT_RIGHT, com.hurix.exoplayer3.C.STEREO_MODE_STEREO_MESH}" />
    </annotation>
  </item>
  <item name="com.hurix.exoplayer3.ui.spherical.SphericalSurfaceView void setDefaultStereoMode(int) 0">
    <annotation name="androidx.annotation.IntDef">
      <val name="value" val="{com.hurix.exoplayer3.Format.NO_VALUE, com.hurix.exoplayer3.C.STEREO_MODE_MONO, com.hurix.exoplayer3.C.STEREO_MODE_TOP_BOTTOM, com.hurix.exoplayer3.C.STEREO_MODE_LEFT_RIGHT, com.hurix.exoplayer3.C.STEREO_MODE_STEREO_MESH}" />
    </annotation>
  </item>
</root>

