<?xml version="1.0" encoding="UTF-8"?>
<root>
  <item name="com.hurix.exoplayer3.source.hls.DefaultHlsExtractorFactory com.hurix.exoplayer3.extractor.ts.TsExtractor createTsExtractor(int, com.hurix.exoplayer3.Format, java.util.List&lt;com.hurix.exoplayer3.Format&gt;, com.hurix.exoplayer3.util.TimestampAdjuster) 0">
    <annotation name="androidx.annotation.IntDef">
      <val name="flag" val="true" />
      <val name="value" val="{com.hurix.exoplayer3.extractor.ts.DefaultTsPayloadReaderFactory.FLAG_ALLOW_NON_IDR_KEYFRAMES, com.hurix.exoplayer3.extractor.ts.DefaultTsPayloadReaderFactory.FLAG_IGNORE_AAC_STREAM, com.hurix.exoplayer3.extractor.ts.DefaultTsPayloadReaderFactory.FLAG_IGNORE_H264_STREAM, com.hurix.exoplayer3.extractor.ts.DefaultTsPayloadReaderFactory.FLAG_DETECT_ACCESS_UNITS, com.hurix.exoplayer3.extractor.ts.DefaultTsPayloadReaderFactory.FLAG_IGNORE_SPLICE_INFO_STREAM, com.hurix.exoplayer3.extractor.ts.DefaultTsPayloadReaderFactory.FLAG_OVERRIDE_CAPTION_DESCRIPTORS, com.hurix.exoplayer3.extractor.ts.DefaultTsPayloadReaderFactory.FLAG_IGNORE_HDMV_DTS_STREAM}" />
    </annotation>
  </item>
  <item name="com.hurix.exoplayer3.source.hls.DefaultHlsExtractorFactory payloadReaderFactoryFlags">
    <annotation name="androidx.annotation.IntDef">
      <val name="flag" val="true" />
      <val name="value" val="{com.hurix.exoplayer3.extractor.ts.DefaultTsPayloadReaderFactory.FLAG_ALLOW_NON_IDR_KEYFRAMES, com.hurix.exoplayer3.extractor.ts.DefaultTsPayloadReaderFactory.FLAG_IGNORE_AAC_STREAM, com.hurix.exoplayer3.extractor.ts.DefaultTsPayloadReaderFactory.FLAG_IGNORE_H264_STREAM, com.hurix.exoplayer3.extractor.ts.DefaultTsPayloadReaderFactory.FLAG_DETECT_ACCESS_UNITS, com.hurix.exoplayer3.extractor.ts.DefaultTsPayloadReaderFactory.FLAG_IGNORE_SPLICE_INFO_STREAM, com.hurix.exoplayer3.extractor.ts.DefaultTsPayloadReaderFactory.FLAG_OVERRIDE_CAPTION_DESCRIPTORS, com.hurix.exoplayer3.extractor.ts.DefaultTsPayloadReaderFactory.FLAG_IGNORE_HDMV_DTS_STREAM}" />
    </annotation>
  </item>
</root>

