<?xml version="1.0" encoding="UTF-8"?>
<root>
  <item name="com.hurix.exoplayer3.extractor.BinarySearchSeeker.TimestampSearchResult TimestampSearchResult(int, long, long) 0">
    <annotation name="androidx.annotation.IntDef">
      <val name="value" val="{com.hurix.exoplayer3.extractor.BinarySearchSeeker.TimestampSearchResult.TYPE_TARGET_TIMESTAMP_FOUND, com.hurix.exoplayer3.extractor.BinarySearchSeeker.TimestampSearchResult.TYPE_POSITION_OVERESTIMATED, com.hurix.exoplayer3.extractor.BinarySearchSeeker.TimestampSearchResult.TYPE_POSITION_UNDERESTIMATED, com.hurix.exoplayer3.extractor.BinarySearchSeeker.TimestampSearchResult.TYPE_NO_TIMESTAMP}" />
    </annotation>
  </item>
  <item name="com.hurix.exoplayer3.extractor.BinarySearchSeeker.TimestampSearchResult type">
    <annotation name="androidx.annotation.IntDef">
      <val name="value" val="{com.hurix.exoplayer3.extractor.BinarySearchSeeker.TimestampSearchResult.TYPE_TARGET_TIMESTAMP_FOUND, com.hurix.exoplayer3.extractor.BinarySearchSeeker.TimestampSearchResult.TYPE_POSITION_OVERESTIMATED, com.hurix.exoplayer3.extractor.BinarySearchSeeker.TimestampSearchResult.TYPE_POSITION_UNDERESTIMATED, com.hurix.exoplayer3.extractor.BinarySearchSeeker.TimestampSearchResult.TYPE_NO_TIMESTAMP}" />
    </annotation>
  </item>
  <item name="com.hurix.exoplayer3.extractor.DefaultExtractorsFactory adtsFlags">
    <annotation name="androidx.annotation.IntDef">
      <val name="flag" val="true" />
      <val name="value" val="{com.hurix.exoplayer3.extractor.ts.AdtsExtractor.FLAG_ENABLE_CONSTANT_BITRATE_SEEKING}" />
    </annotation>
  </item>
  <item name="com.hurix.exoplayer3.extractor.DefaultExtractorsFactory amrFlags">
    <annotation name="androidx.annotation.IntDef">
      <val name="flag" val="true" />
      <val name="value" val="{com.hurix.exoplayer3.extractor.amr.AmrExtractor.FLAG_ENABLE_CONSTANT_BITRATE_SEEKING}" />
    </annotation>
  </item>
  <item name="com.hurix.exoplayer3.extractor.DefaultExtractorsFactory com.hurix.exoplayer3.extractor.DefaultExtractorsFactory setAdtsExtractorFlags(int) 0">
    <annotation name="androidx.annotation.IntDef">
      <val name="flag" val="true" />
      <val name="value" val="{com.hurix.exoplayer3.extractor.ts.AdtsExtractor.FLAG_ENABLE_CONSTANT_BITRATE_SEEKING}" />
    </annotation>
  </item>
  <item name="com.hurix.exoplayer3.extractor.DefaultExtractorsFactory com.hurix.exoplayer3.extractor.DefaultExtractorsFactory setAmrExtractorFlags(int) 0">
    <annotation name="androidx.annotation.IntDef">
      <val name="flag" val="true" />
      <val name="value" val="{com.hurix.exoplayer3.extractor.amr.AmrExtractor.FLAG_ENABLE_CONSTANT_BITRATE_SEEKING}" />
    </annotation>
  </item>
  <item name="com.hurix.exoplayer3.extractor.DefaultExtractorsFactory com.hurix.exoplayer3.extractor.DefaultExtractorsFactory setFragmentedMp4ExtractorFlags(int) 0">
    <annotation name="androidx.annotation.IntDef">
      <val name="flag" val="true" />
      <val name="value" val="{com.hurix.exoplayer3.extractor.mp4.FragmentedMp4Extractor.FLAG_WORKAROUND_EVERY_VIDEO_FRAME_IS_SYNC_FRAME, com.hurix.exoplayer3.extractor.mp4.FragmentedMp4Extractor.FLAG_WORKAROUND_IGNORE_TFDT_BOX, com.hurix.exoplayer3.extractor.mp4.FragmentedMp4Extractor.FLAG_ENABLE_EMSG_TRACK, com.hurix.exoplayer3.extractor.mp4.FragmentedMp4Extractor.FLAG_SIDELOADED, com.hurix.exoplayer3.extractor.mp4.FragmentedMp4Extractor.FLAG_WORKAROUND_IGNORE_EDIT_LISTS}" />
    </annotation>
  </item>
  <item name="com.hurix.exoplayer3.extractor.DefaultExtractorsFactory com.hurix.exoplayer3.extractor.DefaultExtractorsFactory setMatroskaExtractorFlags(int) 0">
    <annotation name="androidx.annotation.IntDef">
      <val name="flag" val="true" />
      <val name="value" val="{com.hurix.exoplayer3.extractor.mkv.MatroskaExtractor.FLAG_DISABLE_SEEK_FOR_CUES}" />
    </annotation>
  </item>
  <item name="com.hurix.exoplayer3.extractor.DefaultExtractorsFactory com.hurix.exoplayer3.extractor.DefaultExtractorsFactory setMp3ExtractorFlags(int) 0">
    <annotation name="androidx.annotation.IntDef">
      <val name="flag" val="true" />
      <val name="value" val="{com.hurix.exoplayer3.extractor.mp3.Mp3Extractor.FLAG_ENABLE_CONSTANT_BITRATE_SEEKING, com.hurix.exoplayer3.extractor.mp3.Mp3Extractor.FLAG_DISABLE_ID3_METADATA}" />
    </annotation>
  </item>
  <item name="com.hurix.exoplayer3.extractor.DefaultExtractorsFactory com.hurix.exoplayer3.extractor.DefaultExtractorsFactory setMp4ExtractorFlags(int) 0">
    <annotation name="androidx.annotation.IntDef">
      <val name="flag" val="true" />
      <val name="value" val="{com.hurix.exoplayer3.extractor.mp4.Mp4Extractor.FLAG_WORKAROUND_IGNORE_EDIT_LISTS}" />
    </annotation>
  </item>
  <item name="com.hurix.exoplayer3.extractor.DefaultExtractorsFactory com.hurix.exoplayer3.extractor.DefaultExtractorsFactory setTsExtractorFlags(int) 0">
    <annotation name="androidx.annotation.IntDef">
      <val name="flag" val="true" />
      <val name="value" val="{com.hurix.exoplayer3.extractor.ts.DefaultTsPayloadReaderFactory.FLAG_ALLOW_NON_IDR_KEYFRAMES, com.hurix.exoplayer3.extractor.ts.DefaultTsPayloadReaderFactory.FLAG_IGNORE_AAC_STREAM, com.hurix.exoplayer3.extractor.ts.DefaultTsPayloadReaderFactory.FLAG_IGNORE_H264_STREAM, com.hurix.exoplayer3.extractor.ts.DefaultTsPayloadReaderFactory.FLAG_DETECT_ACCESS_UNITS, com.hurix.exoplayer3.extractor.ts.DefaultTsPayloadReaderFactory.FLAG_IGNORE_SPLICE_INFO_STREAM, com.hurix.exoplayer3.extractor.ts.DefaultTsPayloadReaderFactory.FLAG_OVERRIDE_CAPTION_DESCRIPTORS, com.hurix.exoplayer3.extractor.ts.DefaultTsPayloadReaderFactory.FLAG_IGNORE_HDMV_DTS_STREAM}" />
    </annotation>
  </item>
  <item name="com.hurix.exoplayer3.extractor.DefaultExtractorsFactory com.hurix.exoplayer3.extractor.DefaultExtractorsFactory setTsExtractorMode(int) 0">
    <annotation name="androidx.annotation.IntDef">
      <val name="value" val="{com.hurix.exoplayer3.extractor.ts.TsExtractor.MODE_MULTI_PMT, com.hurix.exoplayer3.extractor.ts.TsExtractor.MODE_SINGLE_PMT, com.hurix.exoplayer3.extractor.ts.TsExtractor.MODE_HLS}" />
    </annotation>
  </item>
  <item name="com.hurix.exoplayer3.extractor.DefaultExtractorsFactory fragmentedMp4Flags">
    <annotation name="androidx.annotation.IntDef">
      <val name="flag" val="true" />
      <val name="value" val="{com.hurix.exoplayer3.extractor.mp4.FragmentedMp4Extractor.FLAG_WORKAROUND_EVERY_VIDEO_FRAME_IS_SYNC_FRAME, com.hurix.exoplayer3.extractor.mp4.FragmentedMp4Extractor.FLAG_WORKAROUND_IGNORE_TFDT_BOX, com.hurix.exoplayer3.extractor.mp4.FragmentedMp4Extractor.FLAG_ENABLE_EMSG_TRACK, com.hurix.exoplayer3.extractor.mp4.FragmentedMp4Extractor.FLAG_SIDELOADED, com.hurix.exoplayer3.extractor.mp4.FragmentedMp4Extractor.FLAG_WORKAROUND_IGNORE_EDIT_LISTS}" />
    </annotation>
  </item>
  <item name="com.hurix.exoplayer3.extractor.DefaultExtractorsFactory matroskaFlags">
    <annotation name="androidx.annotation.IntDef">
      <val name="flag" val="true" />
      <val name="value" val="{com.hurix.exoplayer3.extractor.mkv.MatroskaExtractor.FLAG_DISABLE_SEEK_FOR_CUES}" />
    </annotation>
  </item>
  <item name="com.hurix.exoplayer3.extractor.DefaultExtractorsFactory mp3Flags">
    <annotation name="androidx.annotation.IntDef">
      <val name="flag" val="true" />
      <val name="value" val="{com.hurix.exoplayer3.extractor.mp3.Mp3Extractor.FLAG_ENABLE_CONSTANT_BITRATE_SEEKING, com.hurix.exoplayer3.extractor.mp3.Mp3Extractor.FLAG_DISABLE_ID3_METADATA}" />
    </annotation>
  </item>
  <item name="com.hurix.exoplayer3.extractor.DefaultExtractorsFactory mp4Flags">
    <annotation name="androidx.annotation.IntDef">
      <val name="flag" val="true" />
      <val name="value" val="{com.hurix.exoplayer3.extractor.mp4.Mp4Extractor.FLAG_WORKAROUND_IGNORE_EDIT_LISTS}" />
    </annotation>
  </item>
  <item name="com.hurix.exoplayer3.extractor.DefaultExtractorsFactory tsFlags">
    <annotation name="androidx.annotation.IntDef">
      <val name="flag" val="true" />
      <val name="value" val="{com.hurix.exoplayer3.extractor.ts.DefaultTsPayloadReaderFactory.FLAG_ALLOW_NON_IDR_KEYFRAMES, com.hurix.exoplayer3.extractor.ts.DefaultTsPayloadReaderFactory.FLAG_IGNORE_AAC_STREAM, com.hurix.exoplayer3.extractor.ts.DefaultTsPayloadReaderFactory.FLAG_IGNORE_H264_STREAM, com.hurix.exoplayer3.extractor.ts.DefaultTsPayloadReaderFactory.FLAG_DETECT_ACCESS_UNITS, com.hurix.exoplayer3.extractor.ts.DefaultTsPayloadReaderFactory.FLAG_IGNORE_SPLICE_INFO_STREAM, com.hurix.exoplayer3.extractor.ts.DefaultTsPayloadReaderFactory.FLAG_OVERRIDE_CAPTION_DESCRIPTORS, com.hurix.exoplayer3.extractor.ts.DefaultTsPayloadReaderFactory.FLAG_IGNORE_HDMV_DTS_STREAM}" />
    </annotation>
  </item>
  <item name="com.hurix.exoplayer3.extractor.DefaultExtractorsFactory tsMode">
    <annotation name="androidx.annotation.IntDef">
      <val name="value" val="{com.hurix.exoplayer3.extractor.ts.TsExtractor.MODE_MULTI_PMT, com.hurix.exoplayer3.extractor.ts.TsExtractor.MODE_SINGLE_PMT, com.hurix.exoplayer3.extractor.ts.TsExtractor.MODE_HLS}" />
    </annotation>
  </item>
  <item name="com.hurix.exoplayer3.extractor.DummyTrackOutput void sampleMetadata(long, int, int, int, com.hurix.exoplayer3.extractor.TrackOutput.CryptoData) 1">
    <annotation name="androidx.annotation.IntDef">
      <val name="flag" val="true" />
      <val name="value" val="{com.hurix.exoplayer3.C.BUFFER_FLAG_KEY_FRAME, com.hurix.exoplayer3.C.BUFFER_FLAG_END_OF_STREAM, com.hurix.exoplayer3.C.BUFFER_FLAG_LAST_SAMPLE, com.hurix.exoplayer3.C.BUFFER_FLAG_ENCRYPTED, com.hurix.exoplayer3.C.BUFFER_FLAG_DECODE_ONLY}" />
    </annotation>
  </item>
  <item name="com.hurix.exoplayer3.extractor.Extractor int read(com.hurix.exoplayer3.extractor.ExtractorInput, com.hurix.exoplayer3.extractor.PositionHolder)">
    <annotation name="androidx.annotation.IntDef">
      <val name="value" val="{com.hurix.exoplayer3.extractor.Extractor.RESULT_CONTINUE, com.hurix.exoplayer3.extractor.Extractor.RESULT_SEEK, com.hurix.exoplayer3.extractor.Extractor.RESULT_END_OF_INPUT}" />
    </annotation>
  </item>
  <item name="com.hurix.exoplayer3.extractor.Extractor.ReadResult">
    <annotation name="androidx.annotation.IntDef">
      <val name="value" val="{com.hurix.exoplayer3.extractor.Extractor.RESULT_CONTINUE, com.hurix.exoplayer3.extractor.Extractor.RESULT_SEEK, com.hurix.exoplayer3.extractor.Extractor.RESULT_END_OF_INPUT}" />
    </annotation>
  </item>
  <item name="com.hurix.exoplayer3.extractor.TrackOutput void sampleMetadata(long, int, int, int, com.hurix.exoplayer3.extractor.TrackOutput.CryptoData) 1">
    <annotation name="androidx.annotation.IntDef">
      <val name="flag" val="true" />
      <val name="value" val="{com.hurix.exoplayer3.C.BUFFER_FLAG_KEY_FRAME, com.hurix.exoplayer3.C.BUFFER_FLAG_END_OF_STREAM, com.hurix.exoplayer3.C.BUFFER_FLAG_LAST_SAMPLE, com.hurix.exoplayer3.C.BUFFER_FLAG_ENCRYPTED, com.hurix.exoplayer3.C.BUFFER_FLAG_DECODE_ONLY}" />
    </annotation>
  </item>
  <item name="com.hurix.exoplayer3.extractor.TrackOutput.CryptoData CryptoData(int, byte[], int, int) 0">
    <annotation name="androidx.annotation.IntDef">
      <val name="value" val="{com.hurix.exoplayer3.C.CRYPTO_MODE_UNENCRYPTED, com.hurix.exoplayer3.C.CRYPTO_MODE_AES_CTR, com.hurix.exoplayer3.C.CRYPTO_MODE_AES_CBC}" />
    </annotation>
  </item>
  <item name="com.hurix.exoplayer3.extractor.TrackOutput.CryptoData cryptoMode">
    <annotation name="androidx.annotation.IntDef">
      <val name="value" val="{com.hurix.exoplayer3.C.CRYPTO_MODE_UNENCRYPTED, com.hurix.exoplayer3.C.CRYPTO_MODE_AES_CTR, com.hurix.exoplayer3.C.CRYPTO_MODE_AES_CBC}" />
    </annotation>
  </item>
</root>

