<?xml version="1.0" encoding="UTF-8"?>
<root>
  <item name="com.hurix.exoplayer3.source.AbstractConcatenatedTimeline int getNextWindowIndex(int, int, boolean) 1">
    <annotation name="androidx.annotation.IntDef">
      <val name="value" val="{com.hurix.exoplayer3.Player.REPEAT_MODE_OFF, com.hurix.exoplayer3.Player.REPEAT_MODE_ONE, com.hurix.exoplayer3.Player.REPEAT_MODE_ALL}" />
    </annotation>
  </item>
  <item name="com.hurix.exoplayer3.source.AbstractConcatenatedTimeline int getPreviousWindowIndex(int, int, boolean) 1">
    <annotation name="androidx.annotation.IntDef">
      <val name="value" val="{com.hurix.exoplayer3.Player.REPEAT_MODE_OFF, com.hurix.exoplayer3.Player.REPEAT_MODE_ONE, com.hurix.exoplayer3.Player.REPEAT_MODE_ALL}" />
    </annotation>
  </item>
  <item name="com.hurix.exoplayer3.source.ClippingMediaSource.IllegalClippingException IllegalClippingException(int) 0">
    <annotation name="androidx.annotation.IntDef">
      <val name="value" val="{com.hurix.exoplayer3.source.ClippingMediaSource.IllegalClippingException.REASON_INVALID_PERIOD_COUNT, com.hurix.exoplayer3.source.ClippingMediaSource.IllegalClippingException.REASON_NOT_SEEKABLE_TO_START, com.hurix.exoplayer3.source.ClippingMediaSource.IllegalClippingException.REASON_START_EXCEEDS_END}" />
    </annotation>
  </item>
  <item name="com.hurix.exoplayer3.source.ClippingMediaSource.IllegalClippingException java.lang.String getReasonDescription(int) 0">
    <annotation name="androidx.annotation.IntDef">
      <val name="value" val="{com.hurix.exoplayer3.source.ClippingMediaSource.IllegalClippingException.REASON_INVALID_PERIOD_COUNT, com.hurix.exoplayer3.source.ClippingMediaSource.IllegalClippingException.REASON_NOT_SEEKABLE_TO_START, com.hurix.exoplayer3.source.ClippingMediaSource.IllegalClippingException.REASON_START_EXCEEDS_END}" />
    </annotation>
  </item>
  <item name="com.hurix.exoplayer3.source.ClippingMediaSource.IllegalClippingException reason">
    <annotation name="androidx.annotation.IntDef">
      <val name="value" val="{com.hurix.exoplayer3.source.ClippingMediaSource.IllegalClippingException.REASON_INVALID_PERIOD_COUNT, com.hurix.exoplayer3.source.ClippingMediaSource.IllegalClippingException.REASON_NOT_SEEKABLE_TO_START, com.hurix.exoplayer3.source.ClippingMediaSource.IllegalClippingException.REASON_START_EXCEEDS_END}" />
    </annotation>
  </item>
  <item name="com.hurix.exoplayer3.source.ClippingMediaSource.IllegalClippingException.Reason">
    <annotation name="androidx.annotation.IntDef">
      <val name="value" val="{com.hurix.exoplayer3.source.ClippingMediaSource.IllegalClippingException.REASON_INVALID_PERIOD_COUNT, com.hurix.exoplayer3.source.ClippingMediaSource.IllegalClippingException.REASON_NOT_SEEKABLE_TO_START, com.hurix.exoplayer3.source.ClippingMediaSource.IllegalClippingException.REASON_START_EXCEEDS_END}" />
    </annotation>
  </item>
  <item name="com.hurix.exoplayer3.source.ForwardingTimeline int getNextWindowIndex(int, int, boolean) 1">
    <annotation name="androidx.annotation.IntDef">
      <val name="value" val="{com.hurix.exoplayer3.Player.REPEAT_MODE_OFF, com.hurix.exoplayer3.Player.REPEAT_MODE_ONE, com.hurix.exoplayer3.Player.REPEAT_MODE_ALL}" />
    </annotation>
  </item>
  <item name="com.hurix.exoplayer3.source.ForwardingTimeline int getPreviousWindowIndex(int, int, boolean) 1">
    <annotation name="androidx.annotation.IntDef">
      <val name="value" val="{com.hurix.exoplayer3.Player.REPEAT_MODE_OFF, com.hurix.exoplayer3.Player.REPEAT_MODE_ONE, com.hurix.exoplayer3.Player.REPEAT_MODE_ALL}" />
    </annotation>
  </item>
  <item name="com.hurix.exoplayer3.source.LoopingMediaSource.InfinitelyLoopingTimeline int getNextWindowIndex(int, int, boolean) 1">
    <annotation name="androidx.annotation.IntDef">
      <val name="value" val="{com.hurix.exoplayer3.Player.REPEAT_MODE_OFF, com.hurix.exoplayer3.Player.REPEAT_MODE_ONE, com.hurix.exoplayer3.Player.REPEAT_MODE_ALL}" />
    </annotation>
  </item>
  <item name="com.hurix.exoplayer3.source.LoopingMediaSource.InfinitelyLoopingTimeline int getPreviousWindowIndex(int, int, boolean) 1">
    <annotation name="androidx.annotation.IntDef">
      <val name="value" val="{com.hurix.exoplayer3.Player.REPEAT_MODE_OFF, com.hurix.exoplayer3.Player.REPEAT_MODE_ONE, com.hurix.exoplayer3.Player.REPEAT_MODE_ALL}" />
    </annotation>
  </item>
  <item name="com.hurix.exoplayer3.source.MergingMediaSource.IllegalMergeException IllegalMergeException(int) 0">
    <annotation name="androidx.annotation.IntDef">
      <val name="value" val="{com.hurix.exoplayer3.source.MergingMediaSource.IllegalMergeException.REASON_PERIOD_COUNT_MISMATCH}" />
    </annotation>
  </item>
  <item name="com.hurix.exoplayer3.source.MergingMediaSource.IllegalMergeException reason">
    <annotation name="androidx.annotation.IntDef">
      <val name="value" val="{com.hurix.exoplayer3.source.MergingMediaSource.IllegalMergeException.REASON_PERIOD_COUNT_MISMATCH}" />
    </annotation>
  </item>
  <item name="com.hurix.exoplayer3.source.MergingMediaSource.IllegalMergeException.Reason">
    <annotation name="androidx.annotation.IntDef">
      <val name="value" val="{com.hurix.exoplayer3.source.MergingMediaSource.IllegalMergeException.REASON_PERIOD_COUNT_MISMATCH}" />
    </annotation>
  </item>
  <item name="com.hurix.exoplayer3.source.SampleMetadataQueue void commitSample(long, int, long, int, com.hurix.exoplayer3.extractor.TrackOutput.CryptoData) 1">
    <annotation name="androidx.annotation.IntDef">
      <val name="flag" val="true" />
      <val name="value" val="{com.hurix.exoplayer3.C.BUFFER_FLAG_KEY_FRAME, com.hurix.exoplayer3.C.BUFFER_FLAG_END_OF_STREAM, com.hurix.exoplayer3.C.BUFFER_FLAG_LAST_SAMPLE, com.hurix.exoplayer3.C.BUFFER_FLAG_ENCRYPTED, com.hurix.exoplayer3.C.BUFFER_FLAG_DECODE_ONLY}" />
    </annotation>
  </item>
  <item name="com.hurix.exoplayer3.source.SampleQueue void sampleMetadata(long, int, int, int, com.hurix.exoplayer3.extractor.TrackOutput.CryptoData) 1">
    <annotation name="androidx.annotation.IntDef">
      <val name="flag" val="true" />
      <val name="value" val="{com.hurix.exoplayer3.C.BUFFER_FLAG_KEY_FRAME, com.hurix.exoplayer3.C.BUFFER_FLAG_END_OF_STREAM, com.hurix.exoplayer3.C.BUFFER_FLAG_LAST_SAMPLE, com.hurix.exoplayer3.C.BUFFER_FLAG_ENCRYPTED, com.hurix.exoplayer3.C.BUFFER_FLAG_DECODE_ONLY}" />
    </annotation>
  </item>
</root>

