<?xml version="1.0" encoding="UTF-8"?>
<root>
  <item name="com.hurix.exoplayer3.video.ColorInfo ColorInfo(int, int, int, byte[]) 0">
    <annotation name="androidx.annotation.IntDef">
      <val name="value" val="{com.hurix.exoplayer3.Format.NO_VALUE, com.hurix.exoplayer3.C.COLOR_SPACE_BT709, com.hurix.exoplayer3.C.COLOR_SPACE_BT601, com.hurix.exoplayer3.C.COLOR_SPACE_BT2020}" />
    </annotation>
  </item>
  <item name="com.hurix.exoplayer3.video.ColorInfo ColorInfo(int, int, int, byte[]) 1">
    <annotation name="androidx.annotation.IntDef">
      <val name="value" val="{com.hurix.exoplayer3.Format.NO_VALUE, com.hurix.exoplayer3.C.COLOR_RANGE_LIMITED, com.hurix.exoplayer3.C.COLOR_RANGE_FULL}" />
    </annotation>
  </item>
  <item name="com.hurix.exoplayer3.video.ColorInfo ColorInfo(int, int, int, byte[]) 2">
    <annotation name="androidx.annotation.IntDef">
      <val name="value" val="{com.hurix.exoplayer3.Format.NO_VALUE, com.hurix.exoplayer3.C.COLOR_TRANSFER_SDR, com.hurix.exoplayer3.C.COLOR_TRANSFER_ST2084, com.hurix.exoplayer3.C.COLOR_TRANSFER_HLG}" />
    </annotation>
  </item>
  <item name="com.hurix.exoplayer3.video.ColorInfo colorRange">
    <annotation name="androidx.annotation.IntDef">
      <val name="value" val="{com.hurix.exoplayer3.Format.NO_VALUE, com.hurix.exoplayer3.C.COLOR_RANGE_LIMITED, com.hurix.exoplayer3.C.COLOR_RANGE_FULL}" />
    </annotation>
  </item>
  <item name="com.hurix.exoplayer3.video.ColorInfo colorSpace">
    <annotation name="androidx.annotation.IntDef">
      <val name="value" val="{com.hurix.exoplayer3.Format.NO_VALUE, com.hurix.exoplayer3.C.COLOR_SPACE_BT709, com.hurix.exoplayer3.C.COLOR_SPACE_BT601, com.hurix.exoplayer3.C.COLOR_SPACE_BT2020}" />
    </annotation>
  </item>
  <item name="com.hurix.exoplayer3.video.ColorInfo colorTransfer">
    <annotation name="androidx.annotation.IntDef">
      <val name="value" val="{com.hurix.exoplayer3.Format.NO_VALUE, com.hurix.exoplayer3.C.COLOR_TRANSFER_SDR, com.hurix.exoplayer3.C.COLOR_TRANSFER_ST2084, com.hurix.exoplayer3.C.COLOR_TRANSFER_HLG}" />
    </annotation>
  </item>
  <item name="com.hurix.exoplayer3.video.DummySurface int getSecureModeV24(android.content.Context)">
    <annotation name="androidx.annotation.IntDef">
      <val name="value" val="{com.hurix.exoplayer3.util.EGLSurfaceTexture.SECURE_MODE_NONE, com.hurix.exoplayer3.util.EGLSurfaceTexture.SECURE_MODE_SURFACELESS_CONTEXT, com.hurix.exoplayer3.util.EGLSurfaceTexture.SECURE_MODE_PROTECTED_PBUFFER}" />
    </annotation>
  </item>
  <item name="com.hurix.exoplayer3.video.DummySurface secureMode">
    <annotation name="androidx.annotation.IntDef">
      <val name="value" val="{com.hurix.exoplayer3.util.EGLSurfaceTexture.SECURE_MODE_NONE, com.hurix.exoplayer3.util.EGLSurfaceTexture.SECURE_MODE_SURFACELESS_CONTEXT, com.hurix.exoplayer3.util.EGLSurfaceTexture.SECURE_MODE_PROTECTED_PBUFFER}" />
    </annotation>
  </item>
  <item name="com.hurix.exoplayer3.video.DummySurface.DummySurfaceThread com.hurix.exoplayer3.video.DummySurface init(int) 0">
    <annotation name="androidx.annotation.IntDef">
      <val name="value" val="{com.hurix.exoplayer3.util.EGLSurfaceTexture.SECURE_MODE_NONE, com.hurix.exoplayer3.util.EGLSurfaceTexture.SECURE_MODE_SURFACELESS_CONTEXT, com.hurix.exoplayer3.util.EGLSurfaceTexture.SECURE_MODE_PROTECTED_PBUFFER}" />
    </annotation>
  </item>
  <item name="com.hurix.exoplayer3.video.DummySurface.DummySurfaceThread void initInternal(int) 0">
    <annotation name="androidx.annotation.IntDef">
      <val name="value" val="{com.hurix.exoplayer3.util.EGLSurfaceTexture.SECURE_MODE_NONE, com.hurix.exoplayer3.util.EGLSurfaceTexture.SECURE_MODE_SURFACELESS_CONTEXT, com.hurix.exoplayer3.util.EGLSurfaceTexture.SECURE_MODE_PROTECTED_PBUFFER}" />
    </annotation>
  </item>
  <item name="com.hurix.exoplayer3.video.MediaCodecVideoRenderer int canKeepCodec(android.media.MediaCodec, com.hurix.exoplayer3.mediacodec.MediaCodecInfo, com.hurix.exoplayer3.Format, com.hurix.exoplayer3.Format)">
    <annotation name="androidx.annotation.IntDef">
      <val name="value" val="{com.hurix.exoplayer3.mediacodec.MediaCodecRenderer.KEEP_CODEC_RESULT_NO, com.hurix.exoplayer3.mediacodec.MediaCodecRenderer.KEEP_CODEC_RESULT_YES_WITHOUT_RECONFIGURATION, com.hurix.exoplayer3.mediacodec.MediaCodecRenderer.KEEP_CODEC_RESULT_YES_WITH_RECONFIGURATION}" />
    </annotation>
  </item>
  <item name="com.hurix.exoplayer3.video.MediaCodecVideoRenderer scalingMode">
    <annotation name="androidx.annotation.IntDef">
      <val name="value" val="{com.hurix.exoplayer3.C.VIDEO_SCALING_MODE_SCALE_TO_FIT, com.hurix.exoplayer3.C.VIDEO_SCALING_MODE_SCALE_TO_FIT_WITH_CROPPING}" />
    </annotation>
  </item>
</root>

