<?xml version="1.0" encoding="UTF-8"?>
<root>
  <item name="com.hurix.exoplayer3.ui.AspectRatioFrameLayout int getResizeMode()">
    <annotation name="androidx.annotation.IntDef">
      <val name="value" val="{com.hurix.exoplayer3.ui.AspectRatioFrameLayout.RESIZE_MODE_FIT, com.hurix.exoplayer3.ui.AspectRatioFrameLayout.RESIZE_MODE_FIXED_WIDTH, com.hurix.exoplayer3.ui.AspectRatioFrameLayout.RESIZE_MODE_FIXED_HEIGHT, com.hurix.exoplayer3.ui.AspectRatioFrameLayout.RESIZE_MODE_FILL, com.hurix.exoplayer3.ui.AspectRatioFrameLayout.RESIZE_MODE_ZOOM}" />
    </annotation>
  </item>
  <item name="com.hurix.exoplayer3.ui.AspectRatioFrameLayout resizeMode">
    <annotation name="androidx.annotation.IntDef">
      <val name="value" val="{com.hurix.exoplayer3.ui.AspectRatioFrameLayout.RESIZE_MODE_FIT, com.hurix.exoplayer3.ui.AspectRatioFrameLayout.RESIZE_MODE_FIXED_WIDTH, com.hurix.exoplayer3.ui.AspectRatioFrameLayout.RESIZE_MODE_FIXED_HEIGHT, com.hurix.exoplayer3.ui.AspectRatioFrameLayout.RESIZE_MODE_FILL, com.hurix.exoplayer3.ui.AspectRatioFrameLayout.RESIZE_MODE_ZOOM}" />
    </annotation>
  </item>
  <item name="com.hurix.exoplayer3.ui.AspectRatioFrameLayout void setResizeMode(int) 0">
    <annotation name="androidx.annotation.IntDef">
      <val name="value" val="{com.hurix.exoplayer3.ui.AspectRatioFrameLayout.RESIZE_MODE_FIT, com.hurix.exoplayer3.ui.AspectRatioFrameLayout.RESIZE_MODE_FIXED_WIDTH, com.hurix.exoplayer3.ui.AspectRatioFrameLayout.RESIZE_MODE_FIXED_HEIGHT, com.hurix.exoplayer3.ui.AspectRatioFrameLayout.RESIZE_MODE_FILL, com.hurix.exoplayer3.ui.AspectRatioFrameLayout.RESIZE_MODE_ZOOM}" />
    </annotation>
  </item>
  <item name="com.hurix.exoplayer3.ui.AspectRatioFrameLayout.ResizeMode">
    <annotation name="androidx.annotation.IntDef">
      <val name="value" val="{com.hurix.exoplayer3.ui.AspectRatioFrameLayout.RESIZE_MODE_FIT, com.hurix.exoplayer3.ui.AspectRatioFrameLayout.RESIZE_MODE_FIXED_WIDTH, com.hurix.exoplayer3.ui.AspectRatioFrameLayout.RESIZE_MODE_FIXED_HEIGHT, com.hurix.exoplayer3.ui.AspectRatioFrameLayout.RESIZE_MODE_FILL, com.hurix.exoplayer3.ui.AspectRatioFrameLayout.RESIZE_MODE_ZOOM}" />
    </annotation>
  </item>
  <item name="com.hurix.exoplayer3.ui.DebugTextViewHelper void onPositionDiscontinuity(int) 0">
    <annotation name="androidx.annotation.IntDef">
      <val name="value" val="{com.hurix.exoplayer3.Player.DISCONTINUITY_REASON_PERIOD_TRANSITION, com.hurix.exoplayer3.Player.DISCONTINUITY_REASON_SEEK, com.hurix.exoplayer3.Player.DISCONTINUITY_REASON_SEEK_ADJUSTMENT, com.hurix.exoplayer3.Player.DISCONTINUITY_REASON_AD_INSERTION, com.hurix.exoplayer3.Player.DISCONTINUITY_REASON_INTERNAL}" />
    </annotation>
  </item>
  <item name="com.hurix.exoplayer3.ui.PlaybackControlView DEFAULT_REPEAT_TOGGLE_MODES">
    <annotation name="androidx.annotation.IntDef">
      <val name="flag" val="true" />
      <val name="value" val="{com.hurix.exoplayer3.util.RepeatModeUtil.REPEAT_TOGGLE_MODE_NONE, com.hurix.exoplayer3.util.RepeatModeUtil.REPEAT_TOGGLE_MODE_ONE, com.hurix.exoplayer3.util.RepeatModeUtil.REPEAT_TOGGLE_MODE_ALL}" />
    </annotation>
  </item>
  <item name="com.hurix.exoplayer3.ui.PlayerControlView DEFAULT_REPEAT_TOGGLE_MODES">
    <annotation name="androidx.annotation.IntDef">
      <val name="flag" val="true" />
      <val name="value" val="{com.hurix.exoplayer3.util.RepeatModeUtil.REPEAT_TOGGLE_MODE_NONE, com.hurix.exoplayer3.util.RepeatModeUtil.REPEAT_TOGGLE_MODE_ONE, com.hurix.exoplayer3.util.RepeatModeUtil.REPEAT_TOGGLE_MODE_ALL}" />
    </annotation>
  </item>
  <item name="com.hurix.exoplayer3.ui.PlayerControlView int getRepeatToggleModes()">
    <annotation name="androidx.annotation.IntDef">
      <val name="flag" val="true" />
      <val name="value" val="{com.hurix.exoplayer3.util.RepeatModeUtil.REPEAT_TOGGLE_MODE_NONE, com.hurix.exoplayer3.util.RepeatModeUtil.REPEAT_TOGGLE_MODE_ONE, com.hurix.exoplayer3.util.RepeatModeUtil.REPEAT_TOGGLE_MODE_ALL}" />
    </annotation>
  </item>
  <item name="com.hurix.exoplayer3.ui.PlayerControlView int getRepeatToggleModes(android.content.res.TypedArray, int)">
    <annotation name="androidx.annotation.IntDef">
      <val name="flag" val="true" />
      <val name="value" val="{com.hurix.exoplayer3.util.RepeatModeUtil.REPEAT_TOGGLE_MODE_NONE, com.hurix.exoplayer3.util.RepeatModeUtil.REPEAT_TOGGLE_MODE_ONE, com.hurix.exoplayer3.util.RepeatModeUtil.REPEAT_TOGGLE_MODE_ALL}" />
    </annotation>
  </item>
  <item name="com.hurix.exoplayer3.ui.PlayerControlView int getRepeatToggleModes(android.content.res.TypedArray, int) 1">
    <annotation name="androidx.annotation.IntDef">
      <val name="flag" val="true" />
      <val name="value" val="{com.hurix.exoplayer3.util.RepeatModeUtil.REPEAT_TOGGLE_MODE_NONE, com.hurix.exoplayer3.util.RepeatModeUtil.REPEAT_TOGGLE_MODE_ONE, com.hurix.exoplayer3.util.RepeatModeUtil.REPEAT_TOGGLE_MODE_ALL}" />
    </annotation>
  </item>
  <item name="com.hurix.exoplayer3.ui.PlayerControlView repeatToggleModes">
    <annotation name="androidx.annotation.IntDef">
      <val name="flag" val="true" />
      <val name="value" val="{com.hurix.exoplayer3.util.RepeatModeUtil.REPEAT_TOGGLE_MODE_NONE, com.hurix.exoplayer3.util.RepeatModeUtil.REPEAT_TOGGLE_MODE_ONE, com.hurix.exoplayer3.util.RepeatModeUtil.REPEAT_TOGGLE_MODE_ALL}" />
    </annotation>
  </item>
  <item name="com.hurix.exoplayer3.ui.PlayerControlView void setRepeatToggleModes(int) 0">
    <annotation name="androidx.annotation.IntDef">
      <val name="flag" val="true" />
      <val name="value" val="{com.hurix.exoplayer3.util.RepeatModeUtil.REPEAT_TOGGLE_MODE_NONE, com.hurix.exoplayer3.util.RepeatModeUtil.REPEAT_TOGGLE_MODE_ONE, com.hurix.exoplayer3.util.RepeatModeUtil.REPEAT_TOGGLE_MODE_ALL}" />
    </annotation>
  </item>
  <item name="com.hurix.exoplayer3.ui.PlayerControlView.ComponentListener void onPositionDiscontinuity(int) 0">
    <annotation name="androidx.annotation.IntDef">
      <val name="value" val="{com.hurix.exoplayer3.Player.DISCONTINUITY_REASON_PERIOD_TRANSITION, com.hurix.exoplayer3.Player.DISCONTINUITY_REASON_SEEK, com.hurix.exoplayer3.Player.DISCONTINUITY_REASON_SEEK_ADJUSTMENT, com.hurix.exoplayer3.Player.DISCONTINUITY_REASON_AD_INSERTION, com.hurix.exoplayer3.Player.DISCONTINUITY_REASON_INTERNAL}" />
    </annotation>
  </item>
  <item name="com.hurix.exoplayer3.ui.PlayerControlView.ComponentListener void onTimelineChanged(com.hurix.exoplayer3.Timeline, java.lang.Object, int) 2">
    <annotation name="androidx.annotation.IntDef">
      <val name="value" val="{com.hurix.exoplayer3.Player.TIMELINE_CHANGE_REASON_PREPARED, com.hurix.exoplayer3.Player.TIMELINE_CHANGE_REASON_RESET, com.hurix.exoplayer3.Player.TIMELINE_CHANGE_REASON_DYNAMIC}" />
    </annotation>
  </item>
  <item name="com.hurix.exoplayer3.ui.PlayerNotificationManager priority">
    <annotation name="androidx.annotation.IntDef">
      <val name="value" val="{androidx.core.app.NotificationCompat.PRIORITY_DEFAULT, androidx.core.app.NotificationCompat.PRIORITY_MAX, androidx.core.app.NotificationCompat.PRIORITY_HIGH, androidx.core.app.NotificationCompat.PRIORITY_LOW, androidx.core.app.NotificationCompat.PRIORITY_MIN}" />
    </annotation>
  </item>
  <item name="com.hurix.exoplayer3.ui.PlayerNotificationManager void setPriority(int) 0">
    <annotation name="androidx.annotation.IntDef">
      <val name="value" val="{androidx.core.app.NotificationCompat.PRIORITY_DEFAULT, androidx.core.app.NotificationCompat.PRIORITY_MAX, androidx.core.app.NotificationCompat.PRIORITY_HIGH, androidx.core.app.NotificationCompat.PRIORITY_LOW, androidx.core.app.NotificationCompat.PRIORITY_MIN}" />
    </annotation>
  </item>
  <item name="com.hurix.exoplayer3.ui.PlayerNotificationManager void setVisibility(int) 0">
    <annotation name="androidx.annotation.IntDef">
      <val name="value" val="{androidx.core.app.NotificationCompat.VISIBILITY_PRIVATE, androidx.core.app.NotificationCompat.VISIBILITY_PUBLIC, androidx.core.app.NotificationCompat.VISIBILITY_SECRET}" />
    </annotation>
  </item>
  <item name="com.hurix.exoplayer3.ui.PlayerNotificationManager.Priority">
    <annotation name="androidx.annotation.IntDef">
      <val name="value" val="{androidx.core.app.NotificationCompat.PRIORITY_DEFAULT, androidx.core.app.NotificationCompat.PRIORITY_MAX, androidx.core.app.NotificationCompat.PRIORITY_HIGH, androidx.core.app.NotificationCompat.PRIORITY_LOW, androidx.core.app.NotificationCompat.PRIORITY_MIN}" />
    </annotation>
  </item>
  <item name="com.hurix.exoplayer3.ui.PlayerNotificationManager.Visibility">
    <annotation name="androidx.annotation.IntDef">
      <val name="value" val="{androidx.core.app.NotificationCompat.VISIBILITY_PRIVATE, androidx.core.app.NotificationCompat.VISIBILITY_PUBLIC, androidx.core.app.NotificationCompat.VISIBILITY_SECRET}" />
    </annotation>
  </item>
  <item name="com.hurix.exoplayer3.ui.PlayerView int getResizeMode()">
    <annotation name="androidx.annotation.IntDef">
      <val name="value" val="{com.hurix.exoplayer3.ui.AspectRatioFrameLayout.RESIZE_MODE_FIT, com.hurix.exoplayer3.ui.AspectRatioFrameLayout.RESIZE_MODE_FIXED_WIDTH, com.hurix.exoplayer3.ui.AspectRatioFrameLayout.RESIZE_MODE_FIXED_HEIGHT, com.hurix.exoplayer3.ui.AspectRatioFrameLayout.RESIZE_MODE_FILL, com.hurix.exoplayer3.ui.AspectRatioFrameLayout.RESIZE_MODE_ZOOM}" />
    </annotation>
  </item>
  <item name="com.hurix.exoplayer3.ui.PlayerView showBuffering">
    <annotation name="androidx.annotation.IntDef">
      <val name="value" val="{com.hurix.exoplayer3.ui.PlayerView.SHOW_BUFFERING_NEVER, com.hurix.exoplayer3.ui.PlayerView.SHOW_BUFFERING_WHEN_PLAYING, com.hurix.exoplayer3.ui.PlayerView.SHOW_BUFFERING_ALWAYS}" />
    </annotation>
  </item>
  <item name="com.hurix.exoplayer3.ui.PlayerView void setRepeatToggleModes(int) 0">
    <annotation name="androidx.annotation.IntDef">
      <val name="flag" val="true" />
      <val name="value" val="{com.hurix.exoplayer3.util.RepeatModeUtil.REPEAT_TOGGLE_MODE_NONE, com.hurix.exoplayer3.util.RepeatModeUtil.REPEAT_TOGGLE_MODE_ONE, com.hurix.exoplayer3.util.RepeatModeUtil.REPEAT_TOGGLE_MODE_ALL}" />
    </annotation>
  </item>
  <item name="com.hurix.exoplayer3.ui.PlayerView void setResizeMode(int) 0">
    <annotation name="androidx.annotation.IntDef">
      <val name="value" val="{com.hurix.exoplayer3.ui.AspectRatioFrameLayout.RESIZE_MODE_FIT, com.hurix.exoplayer3.ui.AspectRatioFrameLayout.RESIZE_MODE_FIXED_WIDTH, com.hurix.exoplayer3.ui.AspectRatioFrameLayout.RESIZE_MODE_FIXED_HEIGHT, com.hurix.exoplayer3.ui.AspectRatioFrameLayout.RESIZE_MODE_FILL, com.hurix.exoplayer3.ui.AspectRatioFrameLayout.RESIZE_MODE_ZOOM}" />
    </annotation>
  </item>
  <item name="com.hurix.exoplayer3.ui.PlayerView void setShowBuffering(int) 0">
    <annotation name="androidx.annotation.IntDef">
      <val name="value" val="{com.hurix.exoplayer3.ui.PlayerView.SHOW_BUFFERING_NEVER, com.hurix.exoplayer3.ui.PlayerView.SHOW_BUFFERING_WHEN_PLAYING, com.hurix.exoplayer3.ui.PlayerView.SHOW_BUFFERING_ALWAYS}" />
    </annotation>
  </item>
  <item name="com.hurix.exoplayer3.ui.PlayerView.ComponentListener void onPositionDiscontinuity(int) 0">
    <annotation name="androidx.annotation.IntDef">
      <val name="value" val="{com.hurix.exoplayer3.Player.DISCONTINUITY_REASON_PERIOD_TRANSITION, com.hurix.exoplayer3.Player.DISCONTINUITY_REASON_SEEK, com.hurix.exoplayer3.Player.DISCONTINUITY_REASON_SEEK_ADJUSTMENT, com.hurix.exoplayer3.Player.DISCONTINUITY_REASON_AD_INSERTION, com.hurix.exoplayer3.Player.DISCONTINUITY_REASON_INTERNAL}" />
    </annotation>
  </item>
  <item name="com.hurix.exoplayer3.ui.PlayerView.ShowBuffering">
    <annotation name="androidx.annotation.IntDef">
      <val name="value" val="{com.hurix.exoplayer3.ui.PlayerView.SHOW_BUFFERING_NEVER, com.hurix.exoplayer3.ui.PlayerView.SHOW_BUFFERING_WHEN_PLAYING, com.hurix.exoplayer3.ui.PlayerView.SHOW_BUFFERING_ALWAYS}" />
    </annotation>
  </item>
  <item name="com.hurix.exoplayer3.ui.SubtitlePainter cueLineAnchor">
    <annotation name="androidx.annotation.IntDef">
      <val name="value" val="{com.hurix.exoplayer3.text.Cue.TYPE_UNSET, com.hurix.exoplayer3.text.Cue.ANCHOR_TYPE_START, com.hurix.exoplayer3.text.Cue.ANCHOR_TYPE_MIDDLE, com.hurix.exoplayer3.text.Cue.ANCHOR_TYPE_END}" />
    </annotation>
  </item>
  <item name="com.hurix.exoplayer3.ui.SubtitlePainter cueLineType">
    <annotation name="androidx.annotation.IntDef">
      <val name="value" val="{com.hurix.exoplayer3.text.Cue.TYPE_UNSET, com.hurix.exoplayer3.text.Cue.LINE_TYPE_FRACTION, com.hurix.exoplayer3.text.Cue.LINE_TYPE_NUMBER}" />
    </annotation>
  </item>
  <item name="com.hurix.exoplayer3.ui.SubtitlePainter cuePositionAnchor">
    <annotation name="androidx.annotation.IntDef">
      <val name="value" val="{com.hurix.exoplayer3.text.Cue.TYPE_UNSET, com.hurix.exoplayer3.text.Cue.ANCHOR_TYPE_START, com.hurix.exoplayer3.text.Cue.ANCHOR_TYPE_MIDDLE, com.hurix.exoplayer3.text.Cue.ANCHOR_TYPE_END}" />
    </annotation>
  </item>
  <item name="com.hurix.exoplayer3.ui.SubtitlePainter edgeType">
    <annotation name="androidx.annotation.IntDef">
      <val name="value" val="{com.hurix.exoplayer3.text.CaptionStyleCompat.EDGE_TYPE_NONE, com.hurix.exoplayer3.text.CaptionStyleCompat.EDGE_TYPE_OUTLINE, com.hurix.exoplayer3.text.CaptionStyleCompat.EDGE_TYPE_DROP_SHADOW, com.hurix.exoplayer3.text.CaptionStyleCompat.EDGE_TYPE_RAISED, com.hurix.exoplayer3.text.CaptionStyleCompat.EDGE_TYPE_DEPRESSED}" />
    </annotation>
  </item>
  <item name="com.hurix.exoplayer3.ui.SubtitleView float resolveTextSize(int, float, int, int) 0">
    <annotation name="androidx.annotation.IntDef">
      <val name="value" val="{com.hurix.exoplayer3.text.Cue.TYPE_UNSET, com.hurix.exoplayer3.text.Cue.TEXT_SIZE_TYPE_FRACTIONAL, com.hurix.exoplayer3.text.Cue.TEXT_SIZE_TYPE_FRACTIONAL_IGNORE_PADDING, com.hurix.exoplayer3.text.Cue.TEXT_SIZE_TYPE_ABSOLUTE}" />
    </annotation>
  </item>
  <item name="com.hurix.exoplayer3.ui.SubtitleView textSizeType">
    <annotation name="androidx.annotation.IntDef">
      <val name="value" val="{com.hurix.exoplayer3.text.Cue.TYPE_UNSET, com.hurix.exoplayer3.text.Cue.TEXT_SIZE_TYPE_FRACTIONAL, com.hurix.exoplayer3.text.Cue.TEXT_SIZE_TYPE_FRACTIONAL_IGNORE_PADDING, com.hurix.exoplayer3.text.Cue.TEXT_SIZE_TYPE_ABSOLUTE}" />
    </annotation>
  </item>
  <item name="com.hurix.exoplayer3.ui.SubtitleView void setTextSize(int, float) 0">
    <annotation name="androidx.annotation.IntDef">
      <val name="value" val="{com.hurix.exoplayer3.text.Cue.TYPE_UNSET, com.hurix.exoplayer3.text.Cue.TEXT_SIZE_TYPE_FRACTIONAL, com.hurix.exoplayer3.text.Cue.TEXT_SIZE_TYPE_FRACTIONAL_IGNORE_PADDING, com.hurix.exoplayer3.text.Cue.TEXT_SIZE_TYPE_ABSOLUTE}" />
    </annotation>
  </item>
</root>

