<?xml version="1.0" encoding="UTF-8"?>
<root>
  <item name="com.hurix.exoplayer3.BasePlayer int getRepeatModeForNavigation()">
    <annotation name="androidx.annotation.IntDef">
      <val name="value" val="{com.hurix.exoplayer3.Player.REPEAT_MODE_OFF, com.hurix.exoplayer3.Player.REPEAT_MODE_ONE, com.hurix.exoplayer3.Player.REPEAT_MODE_ALL}" />
    </annotation>
  </item>
  <item name="com.hurix.exoplayer3.C.AudioContentType">
    <annotation name="androidx.annotation.IntDef">
      <val name="value" val="{com.hurix.exoplayer3.C.CONTENT_TYPE_MOVIE, com.hurix.exoplayer3.C.CONTENT_TYPE_MUSIC, com.hurix.exoplayer3.C.CONTENT_TYPE_SONIFICATION, com.hurix.exoplayer3.C.CONTENT_TYPE_SPEECH, com.hurix.exoplayer3.C.CONTENT_TYPE_UNKNOWN}" />
    </annotation>
  </item>
  <item name="com.hurix.exoplayer3.C.AudioFlags">
    <annotation name="androidx.annotation.IntDef">
      <val name="flag" val="true" />
      <val name="value" val="{com.hurix.exoplayer3.C.FLAG_AUDIBILITY_ENFORCED}" />
    </annotation>
  </item>
  <item name="com.hurix.exoplayer3.C.AudioFocusGain">
    <annotation name="androidx.annotation.IntDef">
      <val name="value" val="{com.hurix.exoplayer3.C.AUDIOFOCUS_NONE, com.hurix.exoplayer3.C.AUDIOFOCUS_GAIN, com.hurix.exoplayer3.C.AUDIOFOCUS_GAIN_TRANSIENT, com.hurix.exoplayer3.C.AUDIOFOCUS_GAIN_TRANSIENT_MAY_DUCK, com.hurix.exoplayer3.C.AUDIOFOCUS_GAIN_TRANSIENT_EXCLUSIVE}" />
    </annotation>
  </item>
  <item name="com.hurix.exoplayer3.C.AudioUsage">
    <annotation name="androidx.annotation.IntDef">
      <val name="value" val="{com.hurix.exoplayer3.C.USAGE_ALARM, com.hurix.exoplayer3.C.USAGE_ASSISTANCE_ACCESSIBILITY, com.hurix.exoplayer3.C.USAGE_ASSISTANCE_NAVIGATION_GUIDANCE, com.hurix.exoplayer3.C.USAGE_ASSISTANCE_SONIFICATION, com.hurix.exoplayer3.C.USAGE_ASSISTANT, com.hurix.exoplayer3.C.USAGE_GAME, com.hurix.exoplayer3.C.USAGE_MEDIA, com.hurix.exoplayer3.C.USAGE_NOTIFICATION, com.hurix.exoplayer3.C.USAGE_NOTIFICATION_COMMUNICATION_DELAYED, com.hurix.exoplayer3.C.USAGE_NOTIFICATION_COMMUNICATION_INSTANT, com.hurix.exoplayer3.C.USAGE_NOTIFICATION_COMMUNICATION_REQUEST, com.hurix.exoplayer3.C.USAGE_NOTIFICATION_EVENT, com.hurix.exoplayer3.C.USAGE_NOTIFICATION_RINGTONE, com.hurix.exoplayer3.C.USAGE_UNKNOWN, com.hurix.exoplayer3.C.USAGE_VOICE_COMMUNICATION, com.hurix.exoplayer3.C.USAGE_VOICE_COMMUNICATION_SIGNALLING}" />
    </annotation>
  </item>
  <item name="com.hurix.exoplayer3.C.BufferFlags">
    <annotation name="androidx.annotation.IntDef">
      <val name="flag" val="true" />
      <val name="value" val="{com.hurix.exoplayer3.C.BUFFER_FLAG_KEY_FRAME, com.hurix.exoplayer3.C.BUFFER_FLAG_END_OF_STREAM, com.hurix.exoplayer3.C.BUFFER_FLAG_LAST_SAMPLE, com.hurix.exoplayer3.C.BUFFER_FLAG_ENCRYPTED, com.hurix.exoplayer3.C.BUFFER_FLAG_DECODE_ONLY}" />
    </annotation>
  </item>
  <item name="com.hurix.exoplayer3.C.ColorRange">
    <annotation name="androidx.annotation.IntDef">
      <val name="value" val="{com.hurix.exoplayer3.Format.NO_VALUE, com.hurix.exoplayer3.C.COLOR_RANGE_LIMITED, com.hurix.exoplayer3.C.COLOR_RANGE_FULL}" />
    </annotation>
  </item>
  <item name="com.hurix.exoplayer3.C.ColorSpace">
    <annotation name="androidx.annotation.IntDef">
      <val name="value" val="{com.hurix.exoplayer3.Format.NO_VALUE, com.hurix.exoplayer3.C.COLOR_SPACE_BT709, com.hurix.exoplayer3.C.COLOR_SPACE_BT601, com.hurix.exoplayer3.C.COLOR_SPACE_BT2020}" />
    </annotation>
  </item>
  <item name="com.hurix.exoplayer3.C.ColorTransfer">
    <annotation name="androidx.annotation.IntDef">
      <val name="value" val="{com.hurix.exoplayer3.Format.NO_VALUE, com.hurix.exoplayer3.C.COLOR_TRANSFER_SDR, com.hurix.exoplayer3.C.COLOR_TRANSFER_ST2084, com.hurix.exoplayer3.C.COLOR_TRANSFER_HLG}" />
    </annotation>
  </item>
  <item name="com.hurix.exoplayer3.C.ContentType">
    <annotation name="androidx.annotation.IntDef">
      <val name="value" val="{com.hurix.exoplayer3.C.TYPE_DASH, com.hurix.exoplayer3.C.TYPE_SS, com.hurix.exoplayer3.C.TYPE_HLS, com.hurix.exoplayer3.C.TYPE_OTHER}" />
    </annotation>
  </item>
  <item name="com.hurix.exoplayer3.C.CryptoMode">
    <annotation name="androidx.annotation.IntDef">
      <val name="value" val="{com.hurix.exoplayer3.C.CRYPTO_MODE_UNENCRYPTED, com.hurix.exoplayer3.C.CRYPTO_MODE_AES_CTR, com.hurix.exoplayer3.C.CRYPTO_MODE_AES_CBC}" />
    </annotation>
  </item>
  <item name="com.hurix.exoplayer3.C.Encoding">
    <annotation name="androidx.annotation.IntDef">
      <val name="value" val="{com.hurix.exoplayer3.Format.NO_VALUE, com.hurix.exoplayer3.C.ENCODING_INVALID, com.hurix.exoplayer3.C.ENCODING_PCM_8BIT, com.hurix.exoplayer3.C.ENCODING_PCM_16BIT, com.hurix.exoplayer3.C.ENCODING_PCM_24BIT, com.hurix.exoplayer3.C.ENCODING_PCM_32BIT, com.hurix.exoplayer3.C.ENCODING_PCM_FLOAT, com.hurix.exoplayer3.C.ENCODING_PCM_MU_LAW, com.hurix.exoplayer3.C.ENCODING_PCM_A_LAW, com.hurix.exoplayer3.C.ENCODING_AC3, com.hurix.exoplayer3.C.ENCODING_E_AC3, com.hurix.exoplayer3.C.ENCODING_DTS, com.hurix.exoplayer3.C.ENCODING_DTS_HD, com.hurix.exoplayer3.C.ENCODING_DOLBY_TRUEHD}" />
    </annotation>
  </item>
  <item name="com.hurix.exoplayer3.C.NetworkType">
    <annotation name="androidx.annotation.IntDef">
      <val name="value" val="{com.hurix.exoplayer3.C.NETWORK_TYPE_UNKNOWN, com.hurix.exoplayer3.C.NETWORK_TYPE_OFFLINE, com.hurix.exoplayer3.C.NETWORK_TYPE_WIFI, com.hurix.exoplayer3.C.NETWORK_TYPE_2G, com.hurix.exoplayer3.C.NETWORK_TYPE_3G, com.hurix.exoplayer3.C.NETWORK_TYPE_4G, com.hurix.exoplayer3.C.NETWORK_TYPE_CELLULAR_UNKNOWN, com.hurix.exoplayer3.C.NETWORK_TYPE_ETHERNET, com.hurix.exoplayer3.C.NETWORK_TYPE_OTHER}" />
    </annotation>
  </item>
  <item name="com.hurix.exoplayer3.C.PcmEncoding">
    <annotation name="androidx.annotation.IntDef">
      <val name="value" val="{com.hurix.exoplayer3.Format.NO_VALUE, com.hurix.exoplayer3.C.ENCODING_INVALID, com.hurix.exoplayer3.C.ENCODING_PCM_8BIT, com.hurix.exoplayer3.C.ENCODING_PCM_16BIT, com.hurix.exoplayer3.C.ENCODING_PCM_24BIT, com.hurix.exoplayer3.C.ENCODING_PCM_32BIT, com.hurix.exoplayer3.C.ENCODING_PCM_FLOAT, com.hurix.exoplayer3.C.ENCODING_PCM_MU_LAW, com.hurix.exoplayer3.C.ENCODING_PCM_A_LAW}" />
    </annotation>
  </item>
  <item name="com.hurix.exoplayer3.C.Projection">
    <annotation name="androidx.annotation.IntDef">
      <val name="value" val="{com.hurix.exoplayer3.Format.NO_VALUE, com.hurix.exoplayer3.C.PROJECTION_RECTANGULAR, com.hurix.exoplayer3.C.PROJECTION_EQUIRECTANGULAR, com.hurix.exoplayer3.C.PROJECTION_CUBEMAP, com.hurix.exoplayer3.C.PROJECTION_MESH}" />
    </annotation>
  </item>
  <item name="com.hurix.exoplayer3.C.SelectionFlags">
    <annotation name="androidx.annotation.IntDef">
      <val name="flag" val="true" />
      <val name="value" val="{com.hurix.exoplayer3.C.SELECTION_FLAG_DEFAULT, com.hurix.exoplayer3.C.SELECTION_FLAG_FORCED, com.hurix.exoplayer3.C.SELECTION_FLAG_AUTOSELECT}" />
    </annotation>
  </item>
  <item name="com.hurix.exoplayer3.C.StereoMode">
    <annotation name="androidx.annotation.IntDef">
      <val name="value" val="{com.hurix.exoplayer3.Format.NO_VALUE, com.hurix.exoplayer3.C.STEREO_MODE_MONO, com.hurix.exoplayer3.C.STEREO_MODE_TOP_BOTTOM, com.hurix.exoplayer3.C.STEREO_MODE_LEFT_RIGHT, com.hurix.exoplayer3.C.STEREO_MODE_STEREO_MESH}" />
    </annotation>
  </item>
  <item name="com.hurix.exoplayer3.C.StreamType">
    <annotation name="androidx.annotation.IntDef">
      <val name="value" val="{com.hurix.exoplayer3.C.STREAM_TYPE_ALARM, com.hurix.exoplayer3.C.STREAM_TYPE_DTMF, com.hurix.exoplayer3.C.STREAM_TYPE_MUSIC, com.hurix.exoplayer3.C.STREAM_TYPE_NOTIFICATION, com.hurix.exoplayer3.C.STREAM_TYPE_RING, com.hurix.exoplayer3.C.STREAM_TYPE_SYSTEM, com.hurix.exoplayer3.C.STREAM_TYPE_VOICE_CALL, com.hurix.exoplayer3.C.STREAM_TYPE_USE_DEFAULT}" />
    </annotation>
  </item>
  <item name="com.hurix.exoplayer3.C.VideoScalingMode">
    <annotation name="androidx.annotation.IntDef">
      <val name="value" val="{com.hurix.exoplayer3.C.VIDEO_SCALING_MODE_SCALE_TO_FIT, com.hurix.exoplayer3.C.VIDEO_SCALING_MODE_SCALE_TO_FIT_WITH_CROPPING}" />
    </annotation>
  </item>
  <item name="com.hurix.exoplayer3.ControlDispatcher boolean dispatchSetRepeatMode(com.hurix.exoplayer3.Player, int) 1">
    <annotation name="androidx.annotation.IntDef">
      <val name="value" val="{com.hurix.exoplayer3.Player.REPEAT_MODE_OFF, com.hurix.exoplayer3.Player.REPEAT_MODE_ONE, com.hurix.exoplayer3.Player.REPEAT_MODE_ALL}" />
    </annotation>
  </item>
  <item name="com.hurix.exoplayer3.DefaultControlDispatcher boolean dispatchSetRepeatMode(com.hurix.exoplayer3.Player, int) 1">
    <annotation name="androidx.annotation.IntDef">
      <val name="value" val="{com.hurix.exoplayer3.Player.REPEAT_MODE_OFF, com.hurix.exoplayer3.Player.REPEAT_MODE_ONE, com.hurix.exoplayer3.Player.REPEAT_MODE_ALL}" />
    </annotation>
  </item>
  <item name="com.hurix.exoplayer3.DefaultRenderersFactory DefaultRenderersFactory(android.content.Context, com.hurix.exoplayer3.drm.DrmSessionManager&lt;com.hurix.exoplayer3.drm.FrameworkMediaCrypto&gt;, int) 2">
    <annotation name="androidx.annotation.IntDef">
      <val name="value" val="{com.hurix.exoplayer3.DefaultRenderersFactory.EXTENSION_RENDERER_MODE_OFF, com.hurix.exoplayer3.DefaultRenderersFactory.EXTENSION_RENDERER_MODE_ON, com.hurix.exoplayer3.DefaultRenderersFactory.EXTENSION_RENDERER_MODE_PREFER}" />
    </annotation>
  </item>
  <item name="com.hurix.exoplayer3.DefaultRenderersFactory DefaultRenderersFactory(android.content.Context, com.hurix.exoplayer3.drm.DrmSessionManager&lt;com.hurix.exoplayer3.drm.FrameworkMediaCrypto&gt;, int, long) 2">
    <annotation name="androidx.annotation.IntDef">
      <val name="value" val="{com.hurix.exoplayer3.DefaultRenderersFactory.EXTENSION_RENDERER_MODE_OFF, com.hurix.exoplayer3.DefaultRenderersFactory.EXTENSION_RENDERER_MODE_ON, com.hurix.exoplayer3.DefaultRenderersFactory.EXTENSION_RENDERER_MODE_PREFER}" />
    </annotation>
  </item>
  <item name="com.hurix.exoplayer3.DefaultRenderersFactory DefaultRenderersFactory(android.content.Context, int) 1">
    <annotation name="androidx.annotation.IntDef">
      <val name="value" val="{com.hurix.exoplayer3.DefaultRenderersFactory.EXTENSION_RENDERER_MODE_OFF, com.hurix.exoplayer3.DefaultRenderersFactory.EXTENSION_RENDERER_MODE_ON, com.hurix.exoplayer3.DefaultRenderersFactory.EXTENSION_RENDERER_MODE_PREFER}" />
    </annotation>
  </item>
  <item name="com.hurix.exoplayer3.DefaultRenderersFactory DefaultRenderersFactory(android.content.Context, int, long) 1">
    <annotation name="androidx.annotation.IntDef">
      <val name="value" val="{com.hurix.exoplayer3.DefaultRenderersFactory.EXTENSION_RENDERER_MODE_OFF, com.hurix.exoplayer3.DefaultRenderersFactory.EXTENSION_RENDERER_MODE_ON, com.hurix.exoplayer3.DefaultRenderersFactory.EXTENSION_RENDERER_MODE_PREFER}" />
    </annotation>
  </item>
  <item name="com.hurix.exoplayer3.DefaultRenderersFactory com.hurix.exoplayer3.DefaultRenderersFactory setExtensionRendererMode(int) 0">
    <annotation name="androidx.annotation.IntDef">
      <val name="value" val="{com.hurix.exoplayer3.DefaultRenderersFactory.EXTENSION_RENDERER_MODE_OFF, com.hurix.exoplayer3.DefaultRenderersFactory.EXTENSION_RENDERER_MODE_ON, com.hurix.exoplayer3.DefaultRenderersFactory.EXTENSION_RENDERER_MODE_PREFER}" />
    </annotation>
  </item>
  <item name="com.hurix.exoplayer3.DefaultRenderersFactory extensionRendererMode">
    <annotation name="androidx.annotation.IntDef">
      <val name="value" val="{com.hurix.exoplayer3.DefaultRenderersFactory.EXTENSION_RENDERER_MODE_OFF, com.hurix.exoplayer3.DefaultRenderersFactory.EXTENSION_RENDERER_MODE_ON, com.hurix.exoplayer3.DefaultRenderersFactory.EXTENSION_RENDERER_MODE_PREFER}" />
    </annotation>
  </item>
  <item name="com.hurix.exoplayer3.DefaultRenderersFactory void buildAudioRenderers(android.content.Context, int, com.hurix.exoplayer3.mediacodec.MediaCodecSelector, com.hurix.exoplayer3.drm.DrmSessionManager&lt;com.hurix.exoplayer3.drm.FrameworkMediaCrypto&gt;, boolean, com.hurix.exoplayer3.audio.AudioProcessor[], android.os.Handler, com.hurix.exoplayer3.audio.AudioRendererEventListener, java.util.ArrayList&lt;com.hurix.exoplayer3.Renderer&gt;) 1">
    <annotation name="androidx.annotation.IntDef">
      <val name="value" val="{com.hurix.exoplayer3.DefaultRenderersFactory.EXTENSION_RENDERER_MODE_OFF, com.hurix.exoplayer3.DefaultRenderersFactory.EXTENSION_RENDERER_MODE_ON, com.hurix.exoplayer3.DefaultRenderersFactory.EXTENSION_RENDERER_MODE_PREFER}" />
    </annotation>
  </item>
  <item name="com.hurix.exoplayer3.DefaultRenderersFactory void buildCameraMotionRenderers(android.content.Context, int, java.util.ArrayList&lt;com.hurix.exoplayer3.Renderer&gt;) 1">
    <annotation name="androidx.annotation.IntDef">
      <val name="value" val="{com.hurix.exoplayer3.DefaultRenderersFactory.EXTENSION_RENDERER_MODE_OFF, com.hurix.exoplayer3.DefaultRenderersFactory.EXTENSION_RENDERER_MODE_ON, com.hurix.exoplayer3.DefaultRenderersFactory.EXTENSION_RENDERER_MODE_PREFER}" />
    </annotation>
  </item>
  <item name="com.hurix.exoplayer3.DefaultRenderersFactory void buildMetadataRenderers(android.content.Context, com.hurix.exoplayer3.metadata.MetadataOutput, android.os.Looper, int, java.util.ArrayList&lt;com.hurix.exoplayer3.Renderer&gt;) 3">
    <annotation name="androidx.annotation.IntDef">
      <val name="value" val="{com.hurix.exoplayer3.DefaultRenderersFactory.EXTENSION_RENDERER_MODE_OFF, com.hurix.exoplayer3.DefaultRenderersFactory.EXTENSION_RENDERER_MODE_ON, com.hurix.exoplayer3.DefaultRenderersFactory.EXTENSION_RENDERER_MODE_PREFER}" />
    </annotation>
  </item>
  <item name="com.hurix.exoplayer3.DefaultRenderersFactory void buildMiscellaneousRenderers(android.content.Context, android.os.Handler, int, java.util.ArrayList&lt;com.hurix.exoplayer3.Renderer&gt;) 2">
    <annotation name="androidx.annotation.IntDef">
      <val name="value" val="{com.hurix.exoplayer3.DefaultRenderersFactory.EXTENSION_RENDERER_MODE_OFF, com.hurix.exoplayer3.DefaultRenderersFactory.EXTENSION_RENDERER_MODE_ON, com.hurix.exoplayer3.DefaultRenderersFactory.EXTENSION_RENDERER_MODE_PREFER}" />
    </annotation>
  </item>
  <item name="com.hurix.exoplayer3.DefaultRenderersFactory void buildTextRenderers(android.content.Context, com.hurix.exoplayer3.text.TextOutput, android.os.Looper, int, java.util.ArrayList&lt;com.hurix.exoplayer3.Renderer&gt;) 3">
    <annotation name="androidx.annotation.IntDef">
      <val name="value" val="{com.hurix.exoplayer3.DefaultRenderersFactory.EXTENSION_RENDERER_MODE_OFF, com.hurix.exoplayer3.DefaultRenderersFactory.EXTENSION_RENDERER_MODE_ON, com.hurix.exoplayer3.DefaultRenderersFactory.EXTENSION_RENDERER_MODE_PREFER}" />
    </annotation>
  </item>
  <item name="com.hurix.exoplayer3.DefaultRenderersFactory void buildVideoRenderers(android.content.Context, int, com.hurix.exoplayer3.mediacodec.MediaCodecSelector, com.hurix.exoplayer3.drm.DrmSessionManager&lt;com.hurix.exoplayer3.drm.FrameworkMediaCrypto&gt;, boolean, android.os.Handler, com.hurix.exoplayer3.video.VideoRendererEventListener, long, java.util.ArrayList&lt;com.hurix.exoplayer3.Renderer&gt;) 1">
    <annotation name="androidx.annotation.IntDef">
      <val name="value" val="{com.hurix.exoplayer3.DefaultRenderersFactory.EXTENSION_RENDERER_MODE_OFF, com.hurix.exoplayer3.DefaultRenderersFactory.EXTENSION_RENDERER_MODE_ON, com.hurix.exoplayer3.DefaultRenderersFactory.EXTENSION_RENDERER_MODE_PREFER}" />
    </annotation>
  </item>
  <item name="com.hurix.exoplayer3.DefaultRenderersFactory.ExtensionRendererMode">
    <annotation name="androidx.annotation.IntDef">
      <val name="value" val="{com.hurix.exoplayer3.DefaultRenderersFactory.EXTENSION_RENDERER_MODE_OFF, com.hurix.exoplayer3.DefaultRenderersFactory.EXTENSION_RENDERER_MODE_ON, com.hurix.exoplayer3.DefaultRenderersFactory.EXTENSION_RENDERER_MODE_PREFER}" />
    </annotation>
  </item>
  <item name="com.hurix.exoplayer3.ExoPlaybackException ExoPlaybackException(int, java.lang.Throwable, int) 0">
    <annotation name="androidx.annotation.IntDef">
      <val name="value" val="{com.hurix.exoplayer3.ExoPlaybackException.TYPE_SOURCE, com.hurix.exoplayer3.ExoPlaybackException.TYPE_RENDERER, com.hurix.exoplayer3.ExoPlaybackException.TYPE_UNEXPECTED}" />
    </annotation>
  </item>
  <item name="com.hurix.exoplayer3.ExoPlaybackException type">
    <annotation name="androidx.annotation.IntDef">
      <val name="value" val="{com.hurix.exoplayer3.ExoPlaybackException.TYPE_SOURCE, com.hurix.exoplayer3.ExoPlaybackException.TYPE_RENDERER, com.hurix.exoplayer3.ExoPlaybackException.TYPE_UNEXPECTED}" />
    </annotation>
  </item>
  <item name="com.hurix.exoplayer3.ExoPlaybackException.Type">
    <annotation name="androidx.annotation.IntDef">
      <val name="value" val="{com.hurix.exoplayer3.ExoPlaybackException.TYPE_SOURCE, com.hurix.exoplayer3.ExoPlaybackException.TYPE_RENDERER, com.hurix.exoplayer3.ExoPlaybackException.TYPE_UNEXPECTED}" />
    </annotation>
  </item>
  <item name="com.hurix.exoplayer3.ExoPlayer REPEAT_MODE_ALL">
    <annotation name="androidx.annotation.IntDef">
      <val name="value" val="{com.hurix.exoplayer3.Player.REPEAT_MODE_OFF, com.hurix.exoplayer3.Player.REPEAT_MODE_ONE, com.hurix.exoplayer3.Player.REPEAT_MODE_ALL}" />
    </annotation>
  </item>
  <item name="com.hurix.exoplayer3.ExoPlayer REPEAT_MODE_OFF">
    <annotation name="androidx.annotation.IntDef">
      <val name="value" val="{com.hurix.exoplayer3.Player.REPEAT_MODE_OFF, com.hurix.exoplayer3.Player.REPEAT_MODE_ONE, com.hurix.exoplayer3.Player.REPEAT_MODE_ALL}" />
    </annotation>
  </item>
  <item name="com.hurix.exoplayer3.ExoPlayer REPEAT_MODE_ONE">
    <annotation name="androidx.annotation.IntDef">
      <val name="value" val="{com.hurix.exoplayer3.Player.REPEAT_MODE_OFF, com.hurix.exoplayer3.Player.REPEAT_MODE_ONE, com.hurix.exoplayer3.Player.REPEAT_MODE_ALL}" />
    </annotation>
  </item>
  <item name="com.hurix.exoplayer3.ExoPlayerFactory com.hurix.exoplayer3.SimpleExoPlayer newSimpleInstance(android.content.Context, com.hurix.exoplayer3.trackselection.TrackSelector, com.hurix.exoplayer3.LoadControl, com.hurix.exoplayer3.drm.DrmSessionManager&lt;com.hurix.exoplayer3.drm.FrameworkMediaCrypto&gt;, int) 4">
    <annotation name="androidx.annotation.IntDef">
      <val name="value" val="{com.hurix.exoplayer3.DefaultRenderersFactory.EXTENSION_RENDERER_MODE_OFF, com.hurix.exoplayer3.DefaultRenderersFactory.EXTENSION_RENDERER_MODE_ON, com.hurix.exoplayer3.DefaultRenderersFactory.EXTENSION_RENDERER_MODE_PREFER}" />
    </annotation>
  </item>
  <item name="com.hurix.exoplayer3.ExoPlayerFactory com.hurix.exoplayer3.SimpleExoPlayer newSimpleInstance(android.content.Context, com.hurix.exoplayer3.trackselection.TrackSelector, com.hurix.exoplayer3.LoadControl, com.hurix.exoplayer3.drm.DrmSessionManager&lt;com.hurix.exoplayer3.drm.FrameworkMediaCrypto&gt;, int, long) 4">
    <annotation name="androidx.annotation.IntDef">
      <val name="value" val="{com.hurix.exoplayer3.DefaultRenderersFactory.EXTENSION_RENDERER_MODE_OFF, com.hurix.exoplayer3.DefaultRenderersFactory.EXTENSION_RENDERER_MODE_ON, com.hurix.exoplayer3.DefaultRenderersFactory.EXTENSION_RENDERER_MODE_PREFER}" />
    </annotation>
  </item>
  <item name="com.hurix.exoplayer3.ExoPlayerImpl int getRepeatMode()">
    <annotation name="androidx.annotation.IntDef">
      <val name="value" val="{com.hurix.exoplayer3.Player.REPEAT_MODE_OFF, com.hurix.exoplayer3.Player.REPEAT_MODE_ONE, com.hurix.exoplayer3.Player.REPEAT_MODE_ALL}" />
    </annotation>
  </item>
  <item name="com.hurix.exoplayer3.ExoPlayerImpl repeatMode">
    <annotation name="androidx.annotation.IntDef">
      <val name="value" val="{com.hurix.exoplayer3.Player.REPEAT_MODE_OFF, com.hurix.exoplayer3.Player.REPEAT_MODE_ONE, com.hurix.exoplayer3.Player.REPEAT_MODE_ALL}" />
    </annotation>
  </item>
  <item name="com.hurix.exoplayer3.ExoPlayerImpl void handlePlaybackInfo(com.hurix.exoplayer3.PlaybackInfo, int, boolean, int) 3">
    <annotation name="androidx.annotation.IntDef">
      <val name="value" val="{com.hurix.exoplayer3.Player.DISCONTINUITY_REASON_PERIOD_TRANSITION, com.hurix.exoplayer3.Player.DISCONTINUITY_REASON_SEEK, com.hurix.exoplayer3.Player.DISCONTINUITY_REASON_SEEK_ADJUSTMENT, com.hurix.exoplayer3.Player.DISCONTINUITY_REASON_AD_INSERTION, com.hurix.exoplayer3.Player.DISCONTINUITY_REASON_INTERNAL}" />
    </annotation>
  </item>
  <item name="com.hurix.exoplayer3.ExoPlayerImpl void setRepeatMode(int) 0">
    <annotation name="androidx.annotation.IntDef">
      <val name="value" val="{com.hurix.exoplayer3.Player.REPEAT_MODE_OFF, com.hurix.exoplayer3.Player.REPEAT_MODE_ONE, com.hurix.exoplayer3.Player.REPEAT_MODE_ALL}" />
    </annotation>
  </item>
  <item name="com.hurix.exoplayer3.ExoPlayerImpl void updatePlaybackInfo(com.hurix.exoplayer3.PlaybackInfo, boolean, int, int, boolean, boolean) 2">
    <annotation name="androidx.annotation.IntDef">
      <val name="value" val="{com.hurix.exoplayer3.Player.DISCONTINUITY_REASON_PERIOD_TRANSITION, com.hurix.exoplayer3.Player.DISCONTINUITY_REASON_SEEK, com.hurix.exoplayer3.Player.DISCONTINUITY_REASON_SEEK_ADJUSTMENT, com.hurix.exoplayer3.Player.DISCONTINUITY_REASON_AD_INSERTION, com.hurix.exoplayer3.Player.DISCONTINUITY_REASON_INTERNAL}" />
    </annotation>
  </item>
  <item name="com.hurix.exoplayer3.ExoPlayerImpl void updatePlaybackInfo(com.hurix.exoplayer3.PlaybackInfo, boolean, int, int, boolean, boolean) 3">
    <annotation name="androidx.annotation.IntDef">
      <val name="value" val="{com.hurix.exoplayer3.Player.TIMELINE_CHANGE_REASON_PREPARED, com.hurix.exoplayer3.Player.TIMELINE_CHANGE_REASON_RESET, com.hurix.exoplayer3.Player.TIMELINE_CHANGE_REASON_DYNAMIC}" />
    </annotation>
  </item>
  <item name="com.hurix.exoplayer3.ExoPlayerImpl.PlaybackInfoUpdate PlaybackInfoUpdate(com.hurix.exoplayer3.PlaybackInfo, com.hurix.exoplayer3.PlaybackInfo, java.util.Set&lt;com.hurix.exoplayer3.Player.EventListener&gt;, com.hurix.exoplayer3.trackselection.TrackSelector, boolean, int, int, boolean, boolean, boolean) 5">
    <annotation name="androidx.annotation.IntDef">
      <val name="value" val="{com.hurix.exoplayer3.Player.DISCONTINUITY_REASON_PERIOD_TRANSITION, com.hurix.exoplayer3.Player.DISCONTINUITY_REASON_SEEK, com.hurix.exoplayer3.Player.DISCONTINUITY_REASON_SEEK_ADJUSTMENT, com.hurix.exoplayer3.Player.DISCONTINUITY_REASON_AD_INSERTION, com.hurix.exoplayer3.Player.DISCONTINUITY_REASON_INTERNAL}" />
    </annotation>
  </item>
  <item name="com.hurix.exoplayer3.ExoPlayerImpl.PlaybackInfoUpdate PlaybackInfoUpdate(com.hurix.exoplayer3.PlaybackInfo, com.hurix.exoplayer3.PlaybackInfo, java.util.Set&lt;com.hurix.exoplayer3.Player.EventListener&gt;, com.hurix.exoplayer3.trackselection.TrackSelector, boolean, int, int, boolean, boolean, boolean) 6">
    <annotation name="androidx.annotation.IntDef">
      <val name="value" val="{com.hurix.exoplayer3.Player.TIMELINE_CHANGE_REASON_PREPARED, com.hurix.exoplayer3.Player.TIMELINE_CHANGE_REASON_RESET, com.hurix.exoplayer3.Player.TIMELINE_CHANGE_REASON_DYNAMIC}" />
    </annotation>
  </item>
  <item name="com.hurix.exoplayer3.ExoPlayerImpl.PlaybackInfoUpdate positionDiscontinuityReason">
    <annotation name="androidx.annotation.IntDef">
      <val name="value" val="{com.hurix.exoplayer3.Player.DISCONTINUITY_REASON_PERIOD_TRANSITION, com.hurix.exoplayer3.Player.DISCONTINUITY_REASON_SEEK, com.hurix.exoplayer3.Player.DISCONTINUITY_REASON_SEEK_ADJUSTMENT, com.hurix.exoplayer3.Player.DISCONTINUITY_REASON_AD_INSERTION, com.hurix.exoplayer3.Player.DISCONTINUITY_REASON_INTERNAL}" />
    </annotation>
  </item>
  <item name="com.hurix.exoplayer3.ExoPlayerImpl.PlaybackInfoUpdate timelineChangeReason">
    <annotation name="androidx.annotation.IntDef">
      <val name="value" val="{com.hurix.exoplayer3.Player.TIMELINE_CHANGE_REASON_PREPARED, com.hurix.exoplayer3.Player.TIMELINE_CHANGE_REASON_RESET, com.hurix.exoplayer3.Player.TIMELINE_CHANGE_REASON_DYNAMIC}" />
    </annotation>
  </item>
  <item name="com.hurix.exoplayer3.ExoPlayerImplInternal ExoPlayerImplInternal(com.hurix.exoplayer3.Renderer[], com.hurix.exoplayer3.trackselection.TrackSelector, com.hurix.exoplayer3.trackselection.TrackSelectorResult, com.hurix.exoplayer3.LoadControl, com.hurix.exoplayer3.upstream.BandwidthMeter, boolean, int, boolean, android.os.Handler, com.hurix.exoplayer3.util.Clock) 6">
    <annotation name="androidx.annotation.IntDef">
      <val name="value" val="{com.hurix.exoplayer3.Player.REPEAT_MODE_OFF, com.hurix.exoplayer3.Player.REPEAT_MODE_ONE, com.hurix.exoplayer3.Player.REPEAT_MODE_ALL}" />
    </annotation>
  </item>
  <item name="com.hurix.exoplayer3.ExoPlayerImplInternal repeatMode">
    <annotation name="androidx.annotation.IntDef">
      <val name="value" val="{com.hurix.exoplayer3.Player.REPEAT_MODE_OFF, com.hurix.exoplayer3.Player.REPEAT_MODE_ONE, com.hurix.exoplayer3.Player.REPEAT_MODE_ALL}" />
    </annotation>
  </item>
  <item name="com.hurix.exoplayer3.ExoPlayerImplInternal void setRepeatMode(int) 0">
    <annotation name="androidx.annotation.IntDef">
      <val name="value" val="{com.hurix.exoplayer3.Player.REPEAT_MODE_OFF, com.hurix.exoplayer3.Player.REPEAT_MODE_ONE, com.hurix.exoplayer3.Player.REPEAT_MODE_ALL}" />
    </annotation>
  </item>
  <item name="com.hurix.exoplayer3.ExoPlayerImplInternal void setRepeatModeInternal(int) 0">
    <annotation name="androidx.annotation.IntDef">
      <val name="value" val="{com.hurix.exoplayer3.Player.REPEAT_MODE_OFF, com.hurix.exoplayer3.Player.REPEAT_MODE_ONE, com.hurix.exoplayer3.Player.REPEAT_MODE_ALL}" />
    </annotation>
  </item>
  <item name="com.hurix.exoplayer3.ExoPlayerImplInternal.PlaybackInfoUpdate discontinuityReason">
    <annotation name="androidx.annotation.IntDef">
      <val name="value" val="{com.hurix.exoplayer3.Player.DISCONTINUITY_REASON_PERIOD_TRANSITION, com.hurix.exoplayer3.Player.DISCONTINUITY_REASON_SEEK, com.hurix.exoplayer3.Player.DISCONTINUITY_REASON_SEEK_ADJUSTMENT, com.hurix.exoplayer3.Player.DISCONTINUITY_REASON_AD_INSERTION, com.hurix.exoplayer3.Player.DISCONTINUITY_REASON_INTERNAL}" />
    </annotation>
  </item>
  <item name="com.hurix.exoplayer3.ExoPlayerImplInternal.PlaybackInfoUpdate void setPositionDiscontinuity(int) 0">
    <annotation name="androidx.annotation.IntDef">
      <val name="value" val="{com.hurix.exoplayer3.Player.DISCONTINUITY_REASON_PERIOD_TRANSITION, com.hurix.exoplayer3.Player.DISCONTINUITY_REASON_SEEK, com.hurix.exoplayer3.Player.DISCONTINUITY_REASON_SEEK_ADJUSTMENT, com.hurix.exoplayer3.Player.DISCONTINUITY_REASON_AD_INSERTION, com.hurix.exoplayer3.Player.DISCONTINUITY_REASON_INTERNAL}" />
    </annotation>
  </item>
  <item name="com.hurix.exoplayer3.Format Format(java.lang.String, java.lang.String, java.lang.String, java.lang.String, java.lang.String, int, int, int, int, float, int, float, byte[], int, com.hurix.exoplayer3.video.ColorInfo, int, int, int, int, int, int, java.lang.String, int, long, java.util.List&lt;byte[]&gt;, com.hurix.exoplayer3.drm.DrmInitData, com.hurix.exoplayer3.metadata.Metadata) 13">
    <annotation name="androidx.annotation.IntDef">
      <val name="value" val="{com.hurix.exoplayer3.Format.NO_VALUE, com.hurix.exoplayer3.C.STEREO_MODE_MONO, com.hurix.exoplayer3.C.STEREO_MODE_TOP_BOTTOM, com.hurix.exoplayer3.C.STEREO_MODE_LEFT_RIGHT, com.hurix.exoplayer3.C.STEREO_MODE_STEREO_MESH}" />
    </annotation>
  </item>
  <item name="com.hurix.exoplayer3.Format Format(java.lang.String, java.lang.String, java.lang.String, java.lang.String, java.lang.String, int, int, int, int, float, int, float, byte[], int, com.hurix.exoplayer3.video.ColorInfo, int, int, int, int, int, int, java.lang.String, int, long, java.util.List&lt;byte[]&gt;, com.hurix.exoplayer3.drm.DrmInitData, com.hurix.exoplayer3.metadata.Metadata) 17">
    <annotation name="androidx.annotation.IntDef">
      <val name="value" val="{com.hurix.exoplayer3.Format.NO_VALUE, com.hurix.exoplayer3.C.ENCODING_INVALID, com.hurix.exoplayer3.C.ENCODING_PCM_8BIT, com.hurix.exoplayer3.C.ENCODING_PCM_16BIT, com.hurix.exoplayer3.C.ENCODING_PCM_24BIT, com.hurix.exoplayer3.C.ENCODING_PCM_32BIT, com.hurix.exoplayer3.C.ENCODING_PCM_FLOAT, com.hurix.exoplayer3.C.ENCODING_PCM_MU_LAW, com.hurix.exoplayer3.C.ENCODING_PCM_A_LAW}" />
    </annotation>
  </item>
  <item name="com.hurix.exoplayer3.Format Format(java.lang.String, java.lang.String, java.lang.String, java.lang.String, java.lang.String, int, int, int, int, float, int, float, byte[], int, com.hurix.exoplayer3.video.ColorInfo, int, int, int, int, int, int, java.lang.String, int, long, java.util.List&lt;byte[]&gt;, com.hurix.exoplayer3.drm.DrmInitData, com.hurix.exoplayer3.metadata.Metadata) 20">
    <annotation name="androidx.annotation.IntDef">
      <val name="flag" val="true" />
      <val name="value" val="{com.hurix.exoplayer3.C.SELECTION_FLAG_DEFAULT, com.hurix.exoplayer3.C.SELECTION_FLAG_FORCED, com.hurix.exoplayer3.C.SELECTION_FLAG_AUTOSELECT}" />
    </annotation>
  </item>
  <item name="com.hurix.exoplayer3.Format com.hurix.exoplayer3.Format copyWithContainerInfo(java.lang.String, java.lang.String, java.lang.String, java.lang.String, int, int, int, int, java.lang.String) 7">
    <annotation name="androidx.annotation.IntDef">
      <val name="flag" val="true" />
      <val name="value" val="{com.hurix.exoplayer3.C.SELECTION_FLAG_DEFAULT, com.hurix.exoplayer3.C.SELECTION_FLAG_FORCED, com.hurix.exoplayer3.C.SELECTION_FLAG_AUTOSELECT}" />
    </annotation>
  </item>
  <item name="com.hurix.exoplayer3.Format com.hurix.exoplayer3.Format createAudioContainerFormat(java.lang.String, java.lang.String, java.lang.String, java.lang.String, int, int, int, java.util.List&lt;byte[]&gt;, int, java.lang.String) 8">
    <annotation name="androidx.annotation.IntDef">
      <val name="flag" val="true" />
      <val name="value" val="{com.hurix.exoplayer3.C.SELECTION_FLAG_DEFAULT, com.hurix.exoplayer3.C.SELECTION_FLAG_FORCED, com.hurix.exoplayer3.C.SELECTION_FLAG_AUTOSELECT}" />
    </annotation>
  </item>
  <item name="com.hurix.exoplayer3.Format com.hurix.exoplayer3.Format createAudioContainerFormat(java.lang.String, java.lang.String, java.lang.String, java.lang.String, java.lang.String, int, int, int, java.util.List&lt;byte[]&gt;, int, java.lang.String) 9">
    <annotation name="androidx.annotation.IntDef">
      <val name="flag" val="true" />
      <val name="value" val="{com.hurix.exoplayer3.C.SELECTION_FLAG_DEFAULT, com.hurix.exoplayer3.C.SELECTION_FLAG_FORCED, com.hurix.exoplayer3.C.SELECTION_FLAG_AUTOSELECT}" />
    </annotation>
  </item>
  <item name="com.hurix.exoplayer3.Format com.hurix.exoplayer3.Format createAudioSampleFormat(java.lang.String, java.lang.String, java.lang.String, int, int, int, int, int, int, int, java.util.List&lt;byte[]&gt;, com.hurix.exoplayer3.drm.DrmInitData, int, java.lang.String, com.hurix.exoplayer3.metadata.Metadata) 12">
    <annotation name="androidx.annotation.IntDef">
      <val name="flag" val="true" />
      <val name="value" val="{com.hurix.exoplayer3.C.SELECTION_FLAG_DEFAULT, com.hurix.exoplayer3.C.SELECTION_FLAG_FORCED, com.hurix.exoplayer3.C.SELECTION_FLAG_AUTOSELECT}" />
    </annotation>
  </item>
  <item name="com.hurix.exoplayer3.Format com.hurix.exoplayer3.Format createAudioSampleFormat(java.lang.String, java.lang.String, java.lang.String, int, int, int, int, int, int, int, java.util.List&lt;byte[]&gt;, com.hurix.exoplayer3.drm.DrmInitData, int, java.lang.String, com.hurix.exoplayer3.metadata.Metadata) 7">
    <annotation name="androidx.annotation.IntDef">
      <val name="value" val="{com.hurix.exoplayer3.Format.NO_VALUE, com.hurix.exoplayer3.C.ENCODING_INVALID, com.hurix.exoplayer3.C.ENCODING_PCM_8BIT, com.hurix.exoplayer3.C.ENCODING_PCM_16BIT, com.hurix.exoplayer3.C.ENCODING_PCM_24BIT, com.hurix.exoplayer3.C.ENCODING_PCM_32BIT, com.hurix.exoplayer3.C.ENCODING_PCM_FLOAT, com.hurix.exoplayer3.C.ENCODING_PCM_MU_LAW, com.hurix.exoplayer3.C.ENCODING_PCM_A_LAW}" />
    </annotation>
  </item>
  <item name="com.hurix.exoplayer3.Format com.hurix.exoplayer3.Format createAudioSampleFormat(java.lang.String, java.lang.String, java.lang.String, int, int, int, int, int, java.util.List&lt;byte[]&gt;, com.hurix.exoplayer3.drm.DrmInitData, int, java.lang.String) 10">
    <annotation name="androidx.annotation.IntDef">
      <val name="flag" val="true" />
      <val name="value" val="{com.hurix.exoplayer3.C.SELECTION_FLAG_DEFAULT, com.hurix.exoplayer3.C.SELECTION_FLAG_FORCED, com.hurix.exoplayer3.C.SELECTION_FLAG_AUTOSELECT}" />
    </annotation>
  </item>
  <item name="com.hurix.exoplayer3.Format com.hurix.exoplayer3.Format createAudioSampleFormat(java.lang.String, java.lang.String, java.lang.String, int, int, int, int, int, java.util.List&lt;byte[]&gt;, com.hurix.exoplayer3.drm.DrmInitData, int, java.lang.String) 7">
    <annotation name="androidx.annotation.IntDef">
      <val name="value" val="{com.hurix.exoplayer3.Format.NO_VALUE, com.hurix.exoplayer3.C.ENCODING_INVALID, com.hurix.exoplayer3.C.ENCODING_PCM_8BIT, com.hurix.exoplayer3.C.ENCODING_PCM_16BIT, com.hurix.exoplayer3.C.ENCODING_PCM_24BIT, com.hurix.exoplayer3.C.ENCODING_PCM_32BIT, com.hurix.exoplayer3.C.ENCODING_PCM_FLOAT, com.hurix.exoplayer3.C.ENCODING_PCM_MU_LAW, com.hurix.exoplayer3.C.ENCODING_PCM_A_LAW}" />
    </annotation>
  </item>
  <item name="com.hurix.exoplayer3.Format com.hurix.exoplayer3.Format createAudioSampleFormat(java.lang.String, java.lang.String, java.lang.String, int, int, int, int, java.util.List&lt;byte[]&gt;, com.hurix.exoplayer3.drm.DrmInitData, int, java.lang.String) 9">
    <annotation name="androidx.annotation.IntDef">
      <val name="flag" val="true" />
      <val name="value" val="{com.hurix.exoplayer3.C.SELECTION_FLAG_DEFAULT, com.hurix.exoplayer3.C.SELECTION_FLAG_FORCED, com.hurix.exoplayer3.C.SELECTION_FLAG_AUTOSELECT}" />
    </annotation>
  </item>
  <item name="com.hurix.exoplayer3.Format com.hurix.exoplayer3.Format createContainerFormat(java.lang.String, java.lang.String, java.lang.String, java.lang.String, int, int, java.lang.String) 5">
    <annotation name="androidx.annotation.IntDef">
      <val name="flag" val="true" />
      <val name="value" val="{com.hurix.exoplayer3.C.SELECTION_FLAG_DEFAULT, com.hurix.exoplayer3.C.SELECTION_FLAG_FORCED, com.hurix.exoplayer3.C.SELECTION_FLAG_AUTOSELECT}" />
    </annotation>
  </item>
  <item name="com.hurix.exoplayer3.Format com.hurix.exoplayer3.Format createContainerFormat(java.lang.String, java.lang.String, java.lang.String, java.lang.String, java.lang.String, int, int, java.lang.String) 6">
    <annotation name="androidx.annotation.IntDef">
      <val name="flag" val="true" />
      <val name="value" val="{com.hurix.exoplayer3.C.SELECTION_FLAG_DEFAULT, com.hurix.exoplayer3.C.SELECTION_FLAG_FORCED, com.hurix.exoplayer3.C.SELECTION_FLAG_AUTOSELECT}" />
    </annotation>
  </item>
  <item name="com.hurix.exoplayer3.Format com.hurix.exoplayer3.Format createImageSampleFormat(java.lang.String, java.lang.String, java.lang.String, int, int, java.util.List&lt;byte[]&gt;, java.lang.String, com.hurix.exoplayer3.drm.DrmInitData) 4">
    <annotation name="androidx.annotation.IntDef">
      <val name="flag" val="true" />
      <val name="value" val="{com.hurix.exoplayer3.C.SELECTION_FLAG_DEFAULT, com.hurix.exoplayer3.C.SELECTION_FLAG_FORCED, com.hurix.exoplayer3.C.SELECTION_FLAG_AUTOSELECT}" />
    </annotation>
  </item>
  <item name="com.hurix.exoplayer3.Format com.hurix.exoplayer3.Format createTextContainerFormat(java.lang.String, java.lang.String, java.lang.String, java.lang.String, int, int, java.lang.String) 5">
    <annotation name="androidx.annotation.IntDef">
      <val name="flag" val="true" />
      <val name="value" val="{com.hurix.exoplayer3.C.SELECTION_FLAG_DEFAULT, com.hurix.exoplayer3.C.SELECTION_FLAG_FORCED, com.hurix.exoplayer3.C.SELECTION_FLAG_AUTOSELECT}" />
    </annotation>
  </item>
  <item name="com.hurix.exoplayer3.Format com.hurix.exoplayer3.Format createTextContainerFormat(java.lang.String, java.lang.String, java.lang.String, java.lang.String, java.lang.String, int, int, java.lang.String) 6">
    <annotation name="androidx.annotation.IntDef">
      <val name="flag" val="true" />
      <val name="value" val="{com.hurix.exoplayer3.C.SELECTION_FLAG_DEFAULT, com.hurix.exoplayer3.C.SELECTION_FLAG_FORCED, com.hurix.exoplayer3.C.SELECTION_FLAG_AUTOSELECT}" />
    </annotation>
  </item>
  <item name="com.hurix.exoplayer3.Format com.hurix.exoplayer3.Format createTextContainerFormat(java.lang.String, java.lang.String, java.lang.String, java.lang.String, java.lang.String, int, int, java.lang.String, int) 6">
    <annotation name="androidx.annotation.IntDef">
      <val name="flag" val="true" />
      <val name="value" val="{com.hurix.exoplayer3.C.SELECTION_FLAG_DEFAULT, com.hurix.exoplayer3.C.SELECTION_FLAG_FORCED, com.hurix.exoplayer3.C.SELECTION_FLAG_AUTOSELECT}" />
    </annotation>
  </item>
  <item name="com.hurix.exoplayer3.Format com.hurix.exoplayer3.Format createTextSampleFormat(java.lang.String, java.lang.String, int, java.lang.String) 2">
    <annotation name="androidx.annotation.IntDef">
      <val name="flag" val="true" />
      <val name="value" val="{com.hurix.exoplayer3.C.SELECTION_FLAG_DEFAULT, com.hurix.exoplayer3.C.SELECTION_FLAG_FORCED, com.hurix.exoplayer3.C.SELECTION_FLAG_AUTOSELECT}" />
    </annotation>
  </item>
  <item name="com.hurix.exoplayer3.Format com.hurix.exoplayer3.Format createTextSampleFormat(java.lang.String, java.lang.String, int, java.lang.String, com.hurix.exoplayer3.drm.DrmInitData) 2">
    <annotation name="androidx.annotation.IntDef">
      <val name="flag" val="true" />
      <val name="value" val="{com.hurix.exoplayer3.C.SELECTION_FLAG_DEFAULT, com.hurix.exoplayer3.C.SELECTION_FLAG_FORCED, com.hurix.exoplayer3.C.SELECTION_FLAG_AUTOSELECT}" />
    </annotation>
  </item>
  <item name="com.hurix.exoplayer3.Format com.hurix.exoplayer3.Format createTextSampleFormat(java.lang.String, java.lang.String, java.lang.String, int, int, java.lang.String, com.hurix.exoplayer3.drm.DrmInitData, long) 4">
    <annotation name="androidx.annotation.IntDef">
      <val name="flag" val="true" />
      <val name="value" val="{com.hurix.exoplayer3.C.SELECTION_FLAG_DEFAULT, com.hurix.exoplayer3.C.SELECTION_FLAG_FORCED, com.hurix.exoplayer3.C.SELECTION_FLAG_AUTOSELECT}" />
    </annotation>
  </item>
  <item name="com.hurix.exoplayer3.Format com.hurix.exoplayer3.Format createTextSampleFormat(java.lang.String, java.lang.String, java.lang.String, int, int, java.lang.String, int, com.hurix.exoplayer3.drm.DrmInitData) 4">
    <annotation name="androidx.annotation.IntDef">
      <val name="flag" val="true" />
      <val name="value" val="{com.hurix.exoplayer3.C.SELECTION_FLAG_DEFAULT, com.hurix.exoplayer3.C.SELECTION_FLAG_FORCED, com.hurix.exoplayer3.C.SELECTION_FLAG_AUTOSELECT}" />
    </annotation>
  </item>
  <item name="com.hurix.exoplayer3.Format com.hurix.exoplayer3.Format createTextSampleFormat(java.lang.String, java.lang.String, java.lang.String, int, int, java.lang.String, int, com.hurix.exoplayer3.drm.DrmInitData, long, java.util.List&lt;byte[]&gt;) 4">
    <annotation name="androidx.annotation.IntDef">
      <val name="flag" val="true" />
      <val name="value" val="{com.hurix.exoplayer3.C.SELECTION_FLAG_DEFAULT, com.hurix.exoplayer3.C.SELECTION_FLAG_FORCED, com.hurix.exoplayer3.C.SELECTION_FLAG_AUTOSELECT}" />
    </annotation>
  </item>
  <item name="com.hurix.exoplayer3.Format com.hurix.exoplayer3.Format createVideoContainerFormat(java.lang.String, java.lang.String, java.lang.String, java.lang.String, int, int, int, float, java.util.List&lt;byte[]&gt;, int) 9">
    <annotation name="androidx.annotation.IntDef">
      <val name="flag" val="true" />
      <val name="value" val="{com.hurix.exoplayer3.C.SELECTION_FLAG_DEFAULT, com.hurix.exoplayer3.C.SELECTION_FLAG_FORCED, com.hurix.exoplayer3.C.SELECTION_FLAG_AUTOSELECT}" />
    </annotation>
  </item>
  <item name="com.hurix.exoplayer3.Format com.hurix.exoplayer3.Format createVideoContainerFormat(java.lang.String, java.lang.String, java.lang.String, java.lang.String, java.lang.String, int, int, int, float, java.util.List&lt;byte[]&gt;, int) 10">
    <annotation name="androidx.annotation.IntDef">
      <val name="flag" val="true" />
      <val name="value" val="{com.hurix.exoplayer3.C.SELECTION_FLAG_DEFAULT, com.hurix.exoplayer3.C.SELECTION_FLAG_FORCED, com.hurix.exoplayer3.C.SELECTION_FLAG_AUTOSELECT}" />
    </annotation>
  </item>
  <item name="com.hurix.exoplayer3.Format com.hurix.exoplayer3.Format createVideoSampleFormat(java.lang.String, java.lang.String, java.lang.String, int, int, int, int, float, java.util.List&lt;byte[]&gt;, int, float, byte[], int, com.hurix.exoplayer3.video.ColorInfo, com.hurix.exoplayer3.drm.DrmInitData) 12">
    <annotation name="androidx.annotation.IntDef">
      <val name="value" val="{com.hurix.exoplayer3.Format.NO_VALUE, com.hurix.exoplayer3.C.STEREO_MODE_MONO, com.hurix.exoplayer3.C.STEREO_MODE_TOP_BOTTOM, com.hurix.exoplayer3.C.STEREO_MODE_LEFT_RIGHT, com.hurix.exoplayer3.C.STEREO_MODE_STEREO_MESH}" />
    </annotation>
  </item>
  <item name="com.hurix.exoplayer3.Format pcmEncoding">
    <annotation name="androidx.annotation.IntDef">
      <val name="value" val="{com.hurix.exoplayer3.Format.NO_VALUE, com.hurix.exoplayer3.C.ENCODING_INVALID, com.hurix.exoplayer3.C.ENCODING_PCM_8BIT, com.hurix.exoplayer3.C.ENCODING_PCM_16BIT, com.hurix.exoplayer3.C.ENCODING_PCM_24BIT, com.hurix.exoplayer3.C.ENCODING_PCM_32BIT, com.hurix.exoplayer3.C.ENCODING_PCM_FLOAT, com.hurix.exoplayer3.C.ENCODING_PCM_MU_LAW, com.hurix.exoplayer3.C.ENCODING_PCM_A_LAW}" />
    </annotation>
  </item>
  <item name="com.hurix.exoplayer3.Format selectionFlags">
    <annotation name="androidx.annotation.IntDef">
      <val name="flag" val="true" />
      <val name="value" val="{com.hurix.exoplayer3.C.SELECTION_FLAG_DEFAULT, com.hurix.exoplayer3.C.SELECTION_FLAG_FORCED, com.hurix.exoplayer3.C.SELECTION_FLAG_AUTOSELECT}" />
    </annotation>
  </item>
  <item name="com.hurix.exoplayer3.Format stereoMode">
    <annotation name="androidx.annotation.IntDef">
      <val name="value" val="{com.hurix.exoplayer3.Format.NO_VALUE, com.hurix.exoplayer3.C.STEREO_MODE_MONO, com.hurix.exoplayer3.C.STEREO_MODE_TOP_BOTTOM, com.hurix.exoplayer3.C.STEREO_MODE_LEFT_RIGHT, com.hurix.exoplayer3.C.STEREO_MODE_STEREO_MESH}" />
    </annotation>
  </item>
  <item name="com.hurix.exoplayer3.MediaPeriodQueue boolean updateRepeatMode(int) 0">
    <annotation name="androidx.annotation.IntDef">
      <val name="value" val="{com.hurix.exoplayer3.Player.REPEAT_MODE_OFF, com.hurix.exoplayer3.Player.REPEAT_MODE_ONE, com.hurix.exoplayer3.Player.REPEAT_MODE_ALL}" />
    </annotation>
  </item>
  <item name="com.hurix.exoplayer3.MediaPeriodQueue repeatMode">
    <annotation name="androidx.annotation.IntDef">
      <val name="value" val="{com.hurix.exoplayer3.Player.REPEAT_MODE_OFF, com.hurix.exoplayer3.Player.REPEAT_MODE_ONE, com.hurix.exoplayer3.Player.REPEAT_MODE_ALL}" />
    </annotation>
  </item>
  <item name="com.hurix.exoplayer3.Player int getRepeatMode()">
    <annotation name="androidx.annotation.IntDef">
      <val name="value" val="{com.hurix.exoplayer3.Player.REPEAT_MODE_OFF, com.hurix.exoplayer3.Player.REPEAT_MODE_ONE, com.hurix.exoplayer3.Player.REPEAT_MODE_ALL}" />
    </annotation>
  </item>
  <item name="com.hurix.exoplayer3.Player void setRepeatMode(int) 0">
    <annotation name="androidx.annotation.IntDef">
      <val name="value" val="{com.hurix.exoplayer3.Player.REPEAT_MODE_OFF, com.hurix.exoplayer3.Player.REPEAT_MODE_ONE, com.hurix.exoplayer3.Player.REPEAT_MODE_ALL}" />
    </annotation>
  </item>
  <item name="com.hurix.exoplayer3.Player.DefaultEventListener void onTimelineChanged(com.hurix.exoplayer3.Timeline, java.lang.Object, int) 2">
    <annotation name="androidx.annotation.IntDef">
      <val name="value" val="{com.hurix.exoplayer3.Player.TIMELINE_CHANGE_REASON_PREPARED, com.hurix.exoplayer3.Player.TIMELINE_CHANGE_REASON_RESET, com.hurix.exoplayer3.Player.TIMELINE_CHANGE_REASON_DYNAMIC}" />
    </annotation>
  </item>
  <item name="com.hurix.exoplayer3.Player.DiscontinuityReason">
    <annotation name="androidx.annotation.IntDef">
      <val name="value" val="{com.hurix.exoplayer3.Player.DISCONTINUITY_REASON_PERIOD_TRANSITION, com.hurix.exoplayer3.Player.DISCONTINUITY_REASON_SEEK, com.hurix.exoplayer3.Player.DISCONTINUITY_REASON_SEEK_ADJUSTMENT, com.hurix.exoplayer3.Player.DISCONTINUITY_REASON_AD_INSERTION, com.hurix.exoplayer3.Player.DISCONTINUITY_REASON_INTERNAL}" />
    </annotation>
  </item>
  <item name="com.hurix.exoplayer3.Player.EventListener void onPositionDiscontinuity(int) 0">
    <annotation name="androidx.annotation.IntDef">
      <val name="value" val="{com.hurix.exoplayer3.Player.DISCONTINUITY_REASON_PERIOD_TRANSITION, com.hurix.exoplayer3.Player.DISCONTINUITY_REASON_SEEK, com.hurix.exoplayer3.Player.DISCONTINUITY_REASON_SEEK_ADJUSTMENT, com.hurix.exoplayer3.Player.DISCONTINUITY_REASON_AD_INSERTION, com.hurix.exoplayer3.Player.DISCONTINUITY_REASON_INTERNAL}" />
    </annotation>
  </item>
  <item name="com.hurix.exoplayer3.Player.EventListener void onRepeatModeChanged(int) 0">
    <annotation name="androidx.annotation.IntDef">
      <val name="value" val="{com.hurix.exoplayer3.Player.REPEAT_MODE_OFF, com.hurix.exoplayer3.Player.REPEAT_MODE_ONE, com.hurix.exoplayer3.Player.REPEAT_MODE_ALL}" />
    </annotation>
  </item>
  <item name="com.hurix.exoplayer3.Player.EventListener void onTimelineChanged(com.hurix.exoplayer3.Timeline, java.lang.Object, int) 2">
    <annotation name="androidx.annotation.IntDef">
      <val name="value" val="{com.hurix.exoplayer3.Player.TIMELINE_CHANGE_REASON_PREPARED, com.hurix.exoplayer3.Player.TIMELINE_CHANGE_REASON_RESET, com.hurix.exoplayer3.Player.TIMELINE_CHANGE_REASON_DYNAMIC}" />
    </annotation>
  </item>
  <item name="com.hurix.exoplayer3.Player.RepeatMode">
    <annotation name="androidx.annotation.IntDef">
      <val name="value" val="{com.hurix.exoplayer3.Player.REPEAT_MODE_OFF, com.hurix.exoplayer3.Player.REPEAT_MODE_ONE, com.hurix.exoplayer3.Player.REPEAT_MODE_ALL}" />
    </annotation>
  </item>
  <item name="com.hurix.exoplayer3.Player.TimelineChangeReason">
    <annotation name="androidx.annotation.IntDef">
      <val name="value" val="{com.hurix.exoplayer3.Player.TIMELINE_CHANGE_REASON_PREPARED, com.hurix.exoplayer3.Player.TIMELINE_CHANGE_REASON_RESET, com.hurix.exoplayer3.Player.TIMELINE_CHANGE_REASON_DYNAMIC}" />
    </annotation>
  </item>
  <item name="com.hurix.exoplayer3.Player.VideoComponent int getVideoScalingMode()">
    <annotation name="androidx.annotation.IntDef">
      <val name="value" val="{com.hurix.exoplayer3.C.VIDEO_SCALING_MODE_SCALE_TO_FIT, com.hurix.exoplayer3.C.VIDEO_SCALING_MODE_SCALE_TO_FIT_WITH_CROPPING}" />
    </annotation>
  </item>
  <item name="com.hurix.exoplayer3.Player.VideoComponent void setVideoScalingMode(int) 0">
    <annotation name="androidx.annotation.IntDef">
      <val name="value" val="{com.hurix.exoplayer3.C.VIDEO_SCALING_MODE_SCALE_TO_FIT, com.hurix.exoplayer3.C.VIDEO_SCALING_MODE_SCALE_TO_FIT_WITH_CROPPING}" />
    </annotation>
  </item>
  <item name="com.hurix.exoplayer3.Renderer int getState()">
    <annotation name="androidx.annotation.IntDef">
      <val name="value" val="{com.hurix.exoplayer3.Renderer.STATE_DISABLED, com.hurix.exoplayer3.Renderer.STATE_ENABLED, com.hurix.exoplayer3.Renderer.STATE_STARTED}" />
    </annotation>
  </item>
  <item name="com.hurix.exoplayer3.Renderer.State">
    <annotation name="androidx.annotation.IntDef">
      <val name="value" val="{com.hurix.exoplayer3.Renderer.STATE_DISABLED, com.hurix.exoplayer3.Renderer.STATE_ENABLED, com.hurix.exoplayer3.Renderer.STATE_STARTED}" />
    </annotation>
  </item>
  <item name="com.hurix.exoplayer3.SimpleExoPlayer int getAudioStreamType()">
    <annotation name="androidx.annotation.IntDef">
      <val name="value" val="{com.hurix.exoplayer3.C.STREAM_TYPE_ALARM, com.hurix.exoplayer3.C.STREAM_TYPE_DTMF, com.hurix.exoplayer3.C.STREAM_TYPE_MUSIC, com.hurix.exoplayer3.C.STREAM_TYPE_NOTIFICATION, com.hurix.exoplayer3.C.STREAM_TYPE_RING, com.hurix.exoplayer3.C.STREAM_TYPE_SYSTEM, com.hurix.exoplayer3.C.STREAM_TYPE_VOICE_CALL, com.hurix.exoplayer3.C.STREAM_TYPE_USE_DEFAULT}" />
    </annotation>
  </item>
  <item name="com.hurix.exoplayer3.SimpleExoPlayer int getRepeatMode()">
    <annotation name="androidx.annotation.IntDef">
      <val name="value" val="{com.hurix.exoplayer3.Player.REPEAT_MODE_OFF, com.hurix.exoplayer3.Player.REPEAT_MODE_ONE, com.hurix.exoplayer3.Player.REPEAT_MODE_ALL}" />
    </annotation>
  </item>
  <item name="com.hurix.exoplayer3.SimpleExoPlayer int getVideoScalingMode()">
    <annotation name="androidx.annotation.IntDef">
      <val name="value" val="{com.hurix.exoplayer3.C.VIDEO_SCALING_MODE_SCALE_TO_FIT, com.hurix.exoplayer3.C.VIDEO_SCALING_MODE_SCALE_TO_FIT_WITH_CROPPING}" />
    </annotation>
  </item>
  <item name="com.hurix.exoplayer3.SimpleExoPlayer videoScalingMode">
    <annotation name="androidx.annotation.IntDef">
      <val name="value" val="{com.hurix.exoplayer3.C.VIDEO_SCALING_MODE_SCALE_TO_FIT, com.hurix.exoplayer3.C.VIDEO_SCALING_MODE_SCALE_TO_FIT_WITH_CROPPING}" />
    </annotation>
  </item>
  <item name="com.hurix.exoplayer3.SimpleExoPlayer void setAudioStreamType(int) 0">
    <annotation name="androidx.annotation.IntDef">
      <val name="value" val="{com.hurix.exoplayer3.C.STREAM_TYPE_ALARM, com.hurix.exoplayer3.C.STREAM_TYPE_DTMF, com.hurix.exoplayer3.C.STREAM_TYPE_MUSIC, com.hurix.exoplayer3.C.STREAM_TYPE_NOTIFICATION, com.hurix.exoplayer3.C.STREAM_TYPE_RING, com.hurix.exoplayer3.C.STREAM_TYPE_SYSTEM, com.hurix.exoplayer3.C.STREAM_TYPE_VOICE_CALL, com.hurix.exoplayer3.C.STREAM_TYPE_USE_DEFAULT}" />
    </annotation>
  </item>
  <item name="com.hurix.exoplayer3.SimpleExoPlayer void setRepeatMode(int) 0">
    <annotation name="androidx.annotation.IntDef">
      <val name="value" val="{com.hurix.exoplayer3.Player.REPEAT_MODE_OFF, com.hurix.exoplayer3.Player.REPEAT_MODE_ONE, com.hurix.exoplayer3.Player.REPEAT_MODE_ALL}" />
    </annotation>
  </item>
  <item name="com.hurix.exoplayer3.SimpleExoPlayer void setVideoScalingMode(int) 0">
    <annotation name="androidx.annotation.IntDef">
      <val name="value" val="{com.hurix.exoplayer3.C.VIDEO_SCALING_MODE_SCALE_TO_FIT, com.hurix.exoplayer3.C.VIDEO_SCALING_MODE_SCALE_TO_FIT_WITH_CROPPING}" />
    </annotation>
  </item>
  <item name="com.hurix.exoplayer3.SimpleExoPlayer void updatePlayWhenReady(boolean, int) 1">
    <annotation name="androidx.annotation.IntDef">
      <val name="value" val="{com.hurix.exoplayer3.audio.AudioFocusManager.PLAYER_COMMAND_DO_NOT_PLAY, com.hurix.exoplayer3.audio.AudioFocusManager.PLAYER_COMMAND_WAIT_FOR_CALLBACK, com.hurix.exoplayer3.audio.AudioFocusManager.PLAYER_COMMAND_PLAY_WHEN_READY}" />
    </annotation>
  </item>
  <item name="com.hurix.exoplayer3.SimpleExoPlayer.ComponentListener void executePlayerCommand(int) 0">
    <annotation name="androidx.annotation.IntDef">
      <val name="value" val="{com.hurix.exoplayer3.audio.AudioFocusManager.PLAYER_COMMAND_DO_NOT_PLAY, com.hurix.exoplayer3.audio.AudioFocusManager.PLAYER_COMMAND_WAIT_FOR_CALLBACK, com.hurix.exoplayer3.audio.AudioFocusManager.PLAYER_COMMAND_PLAY_WHEN_READY}" />
    </annotation>
  </item>
  <item name="com.hurix.exoplayer3.Timeline boolean isLastPeriod(int, com.hurix.exoplayer3.Timeline.Period, com.hurix.exoplayer3.Timeline.Window, int, boolean) 3">
    <annotation name="androidx.annotation.IntDef">
      <val name="value" val="{com.hurix.exoplayer3.Player.REPEAT_MODE_OFF, com.hurix.exoplayer3.Player.REPEAT_MODE_ONE, com.hurix.exoplayer3.Player.REPEAT_MODE_ALL}" />
    </annotation>
  </item>
  <item name="com.hurix.exoplayer3.Timeline int getNextPeriodIndex(int, com.hurix.exoplayer3.Timeline.Period, com.hurix.exoplayer3.Timeline.Window, int, boolean) 3">
    <annotation name="androidx.annotation.IntDef">
      <val name="value" val="{com.hurix.exoplayer3.Player.REPEAT_MODE_OFF, com.hurix.exoplayer3.Player.REPEAT_MODE_ONE, com.hurix.exoplayer3.Player.REPEAT_MODE_ALL}" />
    </annotation>
  </item>
  <item name="com.hurix.exoplayer3.Timeline int getNextWindowIndex(int, int, boolean) 1">
    <annotation name="androidx.annotation.IntDef">
      <val name="value" val="{com.hurix.exoplayer3.Player.REPEAT_MODE_OFF, com.hurix.exoplayer3.Player.REPEAT_MODE_ONE, com.hurix.exoplayer3.Player.REPEAT_MODE_ALL}" />
    </annotation>
  </item>
  <item name="com.hurix.exoplayer3.Timeline int getPreviousWindowIndex(int, int, boolean) 1">
    <annotation name="androidx.annotation.IntDef">
      <val name="value" val="{com.hurix.exoplayer3.Player.REPEAT_MODE_OFF, com.hurix.exoplayer3.Player.REPEAT_MODE_ONE, com.hurix.exoplayer3.Player.REPEAT_MODE_ALL}" />
    </annotation>
  </item>
</root>

