<?xml version="1.0" encoding="UTF-8"?>
<root>
  <item name="com.hurix.exoplayer3.audio.Ac3Util.SyncFrameInfo SyncFrameInfo(java.lang.String, int, int, int, int, int) 1">
    <annotation name="androidx.annotation.IntDef">
      <val name="value" val="{com.hurix.exoplayer3.audio.Ac3Util.SyncFrameInfo.STREAM_TYPE_UNDEFINED, com.hurix.exoplayer3.audio.Ac3Util.SyncFrameInfo.STREAM_TYPE_TYPE0, com.hurix.exoplayer3.audio.Ac3Util.SyncFrameInfo.STREAM_TYPE_TYPE1, com.hurix.exoplayer3.audio.Ac3Util.SyncFrameInfo.STREAM_TYPE_TYPE2}" />
    </annotation>
  </item>
  <item name="com.hurix.exoplayer3.audio.Ac3Util.SyncFrameInfo streamType">
    <annotation name="androidx.annotation.IntDef">
      <val name="value" val="{com.hurix.exoplayer3.audio.Ac3Util.SyncFrameInfo.STREAM_TYPE_UNDEFINED, com.hurix.exoplayer3.audio.Ac3Util.SyncFrameInfo.STREAM_TYPE_TYPE0, com.hurix.exoplayer3.audio.Ac3Util.SyncFrameInfo.STREAM_TYPE_TYPE1, com.hurix.exoplayer3.audio.Ac3Util.SyncFrameInfo.STREAM_TYPE_TYPE2}" />
    </annotation>
  </item>
  <item name="com.hurix.exoplayer3.audio.Ac3Util.SyncFrameInfo.StreamType">
    <annotation name="androidx.annotation.IntDef">
      <val name="value" val="{com.hurix.exoplayer3.audio.Ac3Util.SyncFrameInfo.STREAM_TYPE_UNDEFINED, com.hurix.exoplayer3.audio.Ac3Util.SyncFrameInfo.STREAM_TYPE_TYPE0, com.hurix.exoplayer3.audio.Ac3Util.SyncFrameInfo.STREAM_TYPE_TYPE1, com.hurix.exoplayer3.audio.Ac3Util.SyncFrameInfo.STREAM_TYPE_TYPE2}" />
    </annotation>
  </item>
  <item name="com.hurix.exoplayer3.audio.AudioAttributes AudioAttributes(int, int, int) 0">
    <annotation name="androidx.annotation.IntDef">
      <val name="value" val="{com.hurix.exoplayer3.C.CONTENT_TYPE_MOVIE, com.hurix.exoplayer3.C.CONTENT_TYPE_MUSIC, com.hurix.exoplayer3.C.CONTENT_TYPE_SONIFICATION, com.hurix.exoplayer3.C.CONTENT_TYPE_SPEECH, com.hurix.exoplayer3.C.CONTENT_TYPE_UNKNOWN}" />
    </annotation>
  </item>
  <item name="com.hurix.exoplayer3.audio.AudioAttributes AudioAttributes(int, int, int) 1">
    <annotation name="androidx.annotation.IntDef">
      <val name="flag" val="true" />
      <val name="value" val="{com.hurix.exoplayer3.C.FLAG_AUDIBILITY_ENFORCED}" />
    </annotation>
  </item>
  <item name="com.hurix.exoplayer3.audio.AudioAttributes AudioAttributes(int, int, int) 2">
    <annotation name="androidx.annotation.IntDef">
      <val name="value" val="{com.hurix.exoplayer3.C.USAGE_ALARM, com.hurix.exoplayer3.C.USAGE_ASSISTANCE_ACCESSIBILITY, com.hurix.exoplayer3.C.USAGE_ASSISTANCE_NAVIGATION_GUIDANCE, com.hurix.exoplayer3.C.USAGE_ASSISTANCE_SONIFICATION, com.hurix.exoplayer3.C.USAGE_ASSISTANT, com.hurix.exoplayer3.C.USAGE_GAME, com.hurix.exoplayer3.C.USAGE_MEDIA, com.hurix.exoplayer3.C.USAGE_NOTIFICATION, com.hurix.exoplayer3.C.USAGE_NOTIFICATION_COMMUNICATION_DELAYED, com.hurix.exoplayer3.C.USAGE_NOTIFICATION_COMMUNICATION_INSTANT, com.hurix.exoplayer3.C.USAGE_NOTIFICATION_COMMUNICATION_REQUEST, com.hurix.exoplayer3.C.USAGE_NOTIFICATION_EVENT, com.hurix.exoplayer3.C.USAGE_NOTIFICATION_RINGTONE, com.hurix.exoplayer3.C.USAGE_UNKNOWN, com.hurix.exoplayer3.C.USAGE_VOICE_COMMUNICATION, com.hurix.exoplayer3.C.USAGE_VOICE_COMMUNICATION_SIGNALLING}" />
    </annotation>
  </item>
  <item name="com.hurix.exoplayer3.audio.AudioAttributes contentType">
    <annotation name="androidx.annotation.IntDef">
      <val name="value" val="{com.hurix.exoplayer3.C.CONTENT_TYPE_MOVIE, com.hurix.exoplayer3.C.CONTENT_TYPE_MUSIC, com.hurix.exoplayer3.C.CONTENT_TYPE_SONIFICATION, com.hurix.exoplayer3.C.CONTENT_TYPE_SPEECH, com.hurix.exoplayer3.C.CONTENT_TYPE_UNKNOWN}" />
    </annotation>
  </item>
  <item name="com.hurix.exoplayer3.audio.AudioAttributes flags">
    <annotation name="androidx.annotation.IntDef">
      <val name="flag" val="true" />
      <val name="value" val="{com.hurix.exoplayer3.C.FLAG_AUDIBILITY_ENFORCED}" />
    </annotation>
  </item>
  <item name="com.hurix.exoplayer3.audio.AudioAttributes usage">
    <annotation name="androidx.annotation.IntDef">
      <val name="value" val="{com.hurix.exoplayer3.C.USAGE_ALARM, com.hurix.exoplayer3.C.USAGE_ASSISTANCE_ACCESSIBILITY, com.hurix.exoplayer3.C.USAGE_ASSISTANCE_NAVIGATION_GUIDANCE, com.hurix.exoplayer3.C.USAGE_ASSISTANCE_SONIFICATION, com.hurix.exoplayer3.C.USAGE_ASSISTANT, com.hurix.exoplayer3.C.USAGE_GAME, com.hurix.exoplayer3.C.USAGE_MEDIA, com.hurix.exoplayer3.C.USAGE_NOTIFICATION, com.hurix.exoplayer3.C.USAGE_NOTIFICATION_COMMUNICATION_DELAYED, com.hurix.exoplayer3.C.USAGE_NOTIFICATION_COMMUNICATION_INSTANT, com.hurix.exoplayer3.C.USAGE_NOTIFICATION_COMMUNICATION_REQUEST, com.hurix.exoplayer3.C.USAGE_NOTIFICATION_EVENT, com.hurix.exoplayer3.C.USAGE_NOTIFICATION_RINGTONE, com.hurix.exoplayer3.C.USAGE_UNKNOWN, com.hurix.exoplayer3.C.USAGE_VOICE_COMMUNICATION, com.hurix.exoplayer3.C.USAGE_VOICE_COMMUNICATION_SIGNALLING}" />
    </annotation>
  </item>
  <item name="com.hurix.exoplayer3.audio.AudioAttributes.Builder com.hurix.exoplayer3.audio.AudioAttributes.Builder setContentType(int) 0">
    <annotation name="androidx.annotation.IntDef">
      <val name="value" val="{com.hurix.exoplayer3.C.CONTENT_TYPE_MOVIE, com.hurix.exoplayer3.C.CONTENT_TYPE_MUSIC, com.hurix.exoplayer3.C.CONTENT_TYPE_SONIFICATION, com.hurix.exoplayer3.C.CONTENT_TYPE_SPEECH, com.hurix.exoplayer3.C.CONTENT_TYPE_UNKNOWN}" />
    </annotation>
  </item>
  <item name="com.hurix.exoplayer3.audio.AudioAttributes.Builder com.hurix.exoplayer3.audio.AudioAttributes.Builder setFlags(int) 0">
    <annotation name="androidx.annotation.IntDef">
      <val name="flag" val="true" />
      <val name="value" val="{com.hurix.exoplayer3.C.FLAG_AUDIBILITY_ENFORCED}" />
    </annotation>
  </item>
  <item name="com.hurix.exoplayer3.audio.AudioAttributes.Builder com.hurix.exoplayer3.audio.AudioAttributes.Builder setUsage(int) 0">
    <annotation name="androidx.annotation.IntDef">
      <val name="value" val="{com.hurix.exoplayer3.C.USAGE_ALARM, com.hurix.exoplayer3.C.USAGE_ASSISTANCE_ACCESSIBILITY, com.hurix.exoplayer3.C.USAGE_ASSISTANCE_NAVIGATION_GUIDANCE, com.hurix.exoplayer3.C.USAGE_ASSISTANCE_SONIFICATION, com.hurix.exoplayer3.C.USAGE_ASSISTANT, com.hurix.exoplayer3.C.USAGE_GAME, com.hurix.exoplayer3.C.USAGE_MEDIA, com.hurix.exoplayer3.C.USAGE_NOTIFICATION, com.hurix.exoplayer3.C.USAGE_NOTIFICATION_COMMUNICATION_DELAYED, com.hurix.exoplayer3.C.USAGE_NOTIFICATION_COMMUNICATION_INSTANT, com.hurix.exoplayer3.C.USAGE_NOTIFICATION_COMMUNICATION_REQUEST, com.hurix.exoplayer3.C.USAGE_NOTIFICATION_EVENT, com.hurix.exoplayer3.C.USAGE_NOTIFICATION_RINGTONE, com.hurix.exoplayer3.C.USAGE_UNKNOWN, com.hurix.exoplayer3.C.USAGE_VOICE_COMMUNICATION, com.hurix.exoplayer3.C.USAGE_VOICE_COMMUNICATION_SIGNALLING}" />
    </annotation>
  </item>
  <item name="com.hurix.exoplayer3.audio.AudioAttributes.Builder contentType">
    <annotation name="androidx.annotation.IntDef">
      <val name="value" val="{com.hurix.exoplayer3.C.CONTENT_TYPE_MOVIE, com.hurix.exoplayer3.C.CONTENT_TYPE_MUSIC, com.hurix.exoplayer3.C.CONTENT_TYPE_SONIFICATION, com.hurix.exoplayer3.C.CONTENT_TYPE_SPEECH, com.hurix.exoplayer3.C.CONTENT_TYPE_UNKNOWN}" />
    </annotation>
  </item>
  <item name="com.hurix.exoplayer3.audio.AudioAttributes.Builder flags">
    <annotation name="androidx.annotation.IntDef">
      <val name="flag" val="true" />
      <val name="value" val="{com.hurix.exoplayer3.C.FLAG_AUDIBILITY_ENFORCED}" />
    </annotation>
  </item>
  <item name="com.hurix.exoplayer3.audio.AudioAttributes.Builder usage">
    <annotation name="androidx.annotation.IntDef">
      <val name="value" val="{com.hurix.exoplayer3.C.USAGE_ALARM, com.hurix.exoplayer3.C.USAGE_ASSISTANCE_ACCESSIBILITY, com.hurix.exoplayer3.C.USAGE_ASSISTANCE_NAVIGATION_GUIDANCE, com.hurix.exoplayer3.C.USAGE_ASSISTANCE_SONIFICATION, com.hurix.exoplayer3.C.USAGE_ASSISTANT, com.hurix.exoplayer3.C.USAGE_GAME, com.hurix.exoplayer3.C.USAGE_MEDIA, com.hurix.exoplayer3.C.USAGE_NOTIFICATION, com.hurix.exoplayer3.C.USAGE_NOTIFICATION_COMMUNICATION_DELAYED, com.hurix.exoplayer3.C.USAGE_NOTIFICATION_COMMUNICATION_INSTANT, com.hurix.exoplayer3.C.USAGE_NOTIFICATION_COMMUNICATION_REQUEST, com.hurix.exoplayer3.C.USAGE_NOTIFICATION_EVENT, com.hurix.exoplayer3.C.USAGE_NOTIFICATION_RINGTONE, com.hurix.exoplayer3.C.USAGE_UNKNOWN, com.hurix.exoplayer3.C.USAGE_VOICE_COMMUNICATION, com.hurix.exoplayer3.C.USAGE_VOICE_COMMUNICATION_SIGNALLING}" />
    </annotation>
  </item>
  <item name="com.hurix.exoplayer3.audio.AudioFocusManager audioFocusState">
    <annotation name="androidx.annotation.IntDef">
      <val name="value" val="{com.hurix.exoplayer3.audio.AudioFocusManager.AUDIO_FOCUS_STATE_LOST_FOCUS, com.hurix.exoplayer3.audio.AudioFocusManager.AUDIO_FOCUS_STATE_NO_FOCUS, com.hurix.exoplayer3.audio.AudioFocusManager.AUDIO_FOCUS_STATE_HAVE_FOCUS, com.hurix.exoplayer3.audio.AudioFocusManager.AUDIO_FOCUS_STATE_LOSS_TRANSIENT, com.hurix.exoplayer3.audio.AudioFocusManager.AUDIO_FOCUS_STATE_LOSS_TRANSIENT_DUCK}" />
    </annotation>
  </item>
  <item name="com.hurix.exoplayer3.audio.AudioFocusManager int handleIdle(boolean)">
    <annotation name="androidx.annotation.IntDef">
      <val name="value" val="{com.hurix.exoplayer3.audio.AudioFocusManager.PLAYER_COMMAND_DO_NOT_PLAY, com.hurix.exoplayer3.audio.AudioFocusManager.PLAYER_COMMAND_WAIT_FOR_CALLBACK, com.hurix.exoplayer3.audio.AudioFocusManager.PLAYER_COMMAND_PLAY_WHEN_READY}" />
    </annotation>
  </item>
  <item name="com.hurix.exoplayer3.audio.AudioFocusManager int handlePrepare(boolean)">
    <annotation name="androidx.annotation.IntDef">
      <val name="value" val="{com.hurix.exoplayer3.audio.AudioFocusManager.PLAYER_COMMAND_DO_NOT_PLAY, com.hurix.exoplayer3.audio.AudioFocusManager.PLAYER_COMMAND_WAIT_FOR_CALLBACK, com.hurix.exoplayer3.audio.AudioFocusManager.PLAYER_COMMAND_PLAY_WHEN_READY}" />
    </annotation>
  </item>
  <item name="com.hurix.exoplayer3.audio.AudioFocusManager int handleSetPlayWhenReady(boolean, int)">
    <annotation name="androidx.annotation.IntDef">
      <val name="value" val="{com.hurix.exoplayer3.audio.AudioFocusManager.PLAYER_COMMAND_DO_NOT_PLAY, com.hurix.exoplayer3.audio.AudioFocusManager.PLAYER_COMMAND_WAIT_FOR_CALLBACK, com.hurix.exoplayer3.audio.AudioFocusManager.PLAYER_COMMAND_PLAY_WHEN_READY}" />
    </annotation>
  </item>
  <item name="com.hurix.exoplayer3.audio.AudioFocusManager int requestAudioFocus()">
    <annotation name="androidx.annotation.IntDef">
      <val name="value" val="{com.hurix.exoplayer3.audio.AudioFocusManager.PLAYER_COMMAND_DO_NOT_PLAY, com.hurix.exoplayer3.audio.AudioFocusManager.PLAYER_COMMAND_WAIT_FOR_CALLBACK, com.hurix.exoplayer3.audio.AudioFocusManager.PLAYER_COMMAND_PLAY_WHEN_READY}" />
    </annotation>
  </item>
  <item name="com.hurix.exoplayer3.audio.AudioFocusManager int setAudioAttributes(com.hurix.exoplayer3.audio.AudioAttributes, boolean, int)">
    <annotation name="androidx.annotation.IntDef">
      <val name="value" val="{com.hurix.exoplayer3.audio.AudioFocusManager.PLAYER_COMMAND_DO_NOT_PLAY, com.hurix.exoplayer3.audio.AudioFocusManager.PLAYER_COMMAND_WAIT_FOR_CALLBACK, com.hurix.exoplayer3.audio.AudioFocusManager.PLAYER_COMMAND_PLAY_WHEN_READY}" />
    </annotation>
  </item>
  <item name="com.hurix.exoplayer3.audio.AudioFocusManager.PlayerCommand">
    <annotation name="androidx.annotation.IntDef">
      <val name="value" val="{com.hurix.exoplayer3.audio.AudioFocusManager.PLAYER_COMMAND_DO_NOT_PLAY, com.hurix.exoplayer3.audio.AudioFocusManager.PLAYER_COMMAND_WAIT_FOR_CALLBACK, com.hurix.exoplayer3.audio.AudioFocusManager.PLAYER_COMMAND_PLAY_WHEN_READY}" />
    </annotation>
  </item>
  <item name="com.hurix.exoplayer3.audio.AudioFocusManager.PlayerControl void executePlayerCommand(int) 0">
    <annotation name="androidx.annotation.IntDef">
      <val name="value" val="{com.hurix.exoplayer3.audio.AudioFocusManager.PLAYER_COMMAND_DO_NOT_PLAY, com.hurix.exoplayer3.audio.AudioFocusManager.PLAYER_COMMAND_WAIT_FOR_CALLBACK, com.hurix.exoplayer3.audio.AudioFocusManager.PLAYER_COMMAND_PLAY_WHEN_READY}" />
    </annotation>
  </item>
  <item name="com.hurix.exoplayer3.audio.AudioProcessor boolean configure(int, int, int) 2">
    <annotation name="androidx.annotation.IntDef">
      <val name="value" val="{com.hurix.exoplayer3.Format.NO_VALUE, com.hurix.exoplayer3.C.ENCODING_INVALID, com.hurix.exoplayer3.C.ENCODING_PCM_8BIT, com.hurix.exoplayer3.C.ENCODING_PCM_16BIT, com.hurix.exoplayer3.C.ENCODING_PCM_24BIT, com.hurix.exoplayer3.C.ENCODING_PCM_32BIT, com.hurix.exoplayer3.C.ENCODING_PCM_FLOAT, com.hurix.exoplayer3.C.ENCODING_PCM_MU_LAW, com.hurix.exoplayer3.C.ENCODING_PCM_A_LAW, com.hurix.exoplayer3.C.ENCODING_AC3, com.hurix.exoplayer3.C.ENCODING_E_AC3, com.hurix.exoplayer3.C.ENCODING_DTS, com.hurix.exoplayer3.C.ENCODING_DTS_HD, com.hurix.exoplayer3.C.ENCODING_DOLBY_TRUEHD}" />
    </annotation>
  </item>
  <item name="com.hurix.exoplayer3.audio.AudioProcessor int getOutputEncoding()">
    <annotation name="androidx.annotation.IntDef">
      <val name="value" val="{com.hurix.exoplayer3.Format.NO_VALUE, com.hurix.exoplayer3.C.ENCODING_INVALID, com.hurix.exoplayer3.C.ENCODING_PCM_8BIT, com.hurix.exoplayer3.C.ENCODING_PCM_16BIT, com.hurix.exoplayer3.C.ENCODING_PCM_24BIT, com.hurix.exoplayer3.C.ENCODING_PCM_32BIT, com.hurix.exoplayer3.C.ENCODING_PCM_FLOAT, com.hurix.exoplayer3.C.ENCODING_PCM_MU_LAW, com.hurix.exoplayer3.C.ENCODING_PCM_A_LAW, com.hurix.exoplayer3.C.ENCODING_AC3, com.hurix.exoplayer3.C.ENCODING_E_AC3, com.hurix.exoplayer3.C.ENCODING_DTS, com.hurix.exoplayer3.C.ENCODING_DTS_HD, com.hurix.exoplayer3.C.ENCODING_DOLBY_TRUEHD}" />
    </annotation>
  </item>
  <item name="com.hurix.exoplayer3.audio.AudioProcessor.UnhandledFormatException UnhandledFormatException(int, int, int) 2">
    <annotation name="androidx.annotation.IntDef">
      <val name="value" val="{com.hurix.exoplayer3.Format.NO_VALUE, com.hurix.exoplayer3.C.ENCODING_INVALID, com.hurix.exoplayer3.C.ENCODING_PCM_8BIT, com.hurix.exoplayer3.C.ENCODING_PCM_16BIT, com.hurix.exoplayer3.C.ENCODING_PCM_24BIT, com.hurix.exoplayer3.C.ENCODING_PCM_32BIT, com.hurix.exoplayer3.C.ENCODING_PCM_FLOAT, com.hurix.exoplayer3.C.ENCODING_PCM_MU_LAW, com.hurix.exoplayer3.C.ENCODING_PCM_A_LAW, com.hurix.exoplayer3.C.ENCODING_AC3, com.hurix.exoplayer3.C.ENCODING_E_AC3, com.hurix.exoplayer3.C.ENCODING_DTS, com.hurix.exoplayer3.C.ENCODING_DTS_HD, com.hurix.exoplayer3.C.ENCODING_DOLBY_TRUEHD}" />
    </annotation>
  </item>
  <item name="com.hurix.exoplayer3.audio.AudioSink boolean supportsOutput(int, int) 1">
    <annotation name="androidx.annotation.IntDef">
      <val name="value" val="{com.hurix.exoplayer3.Format.NO_VALUE, com.hurix.exoplayer3.C.ENCODING_INVALID, com.hurix.exoplayer3.C.ENCODING_PCM_8BIT, com.hurix.exoplayer3.C.ENCODING_PCM_16BIT, com.hurix.exoplayer3.C.ENCODING_PCM_24BIT, com.hurix.exoplayer3.C.ENCODING_PCM_32BIT, com.hurix.exoplayer3.C.ENCODING_PCM_FLOAT, com.hurix.exoplayer3.C.ENCODING_PCM_MU_LAW, com.hurix.exoplayer3.C.ENCODING_PCM_A_LAW, com.hurix.exoplayer3.C.ENCODING_AC3, com.hurix.exoplayer3.C.ENCODING_E_AC3, com.hurix.exoplayer3.C.ENCODING_DTS, com.hurix.exoplayer3.C.ENCODING_DTS_HD, com.hurix.exoplayer3.C.ENCODING_DOLBY_TRUEHD}" />
    </annotation>
  </item>
  <item name="com.hurix.exoplayer3.audio.AudioSink void configure(int, int, int, int, int[], int, int) 0">
    <annotation name="androidx.annotation.IntDef">
      <val name="value" val="{com.hurix.exoplayer3.Format.NO_VALUE, com.hurix.exoplayer3.C.ENCODING_INVALID, com.hurix.exoplayer3.C.ENCODING_PCM_8BIT, com.hurix.exoplayer3.C.ENCODING_PCM_16BIT, com.hurix.exoplayer3.C.ENCODING_PCM_24BIT, com.hurix.exoplayer3.C.ENCODING_PCM_32BIT, com.hurix.exoplayer3.C.ENCODING_PCM_FLOAT, com.hurix.exoplayer3.C.ENCODING_PCM_MU_LAW, com.hurix.exoplayer3.C.ENCODING_PCM_A_LAW, com.hurix.exoplayer3.C.ENCODING_AC3, com.hurix.exoplayer3.C.ENCODING_E_AC3, com.hurix.exoplayer3.C.ENCODING_DTS, com.hurix.exoplayer3.C.ENCODING_DTS_HD, com.hurix.exoplayer3.C.ENCODING_DOLBY_TRUEHD}" />
    </annotation>
  </item>
  <item name="com.hurix.exoplayer3.audio.AudioTimestampPoller state">
    <annotation name="androidx.annotation.IntDef">
      <val name="value" val="{com.hurix.exoplayer3.audio.AudioTimestampPoller.STATE_INITIALIZING, com.hurix.exoplayer3.audio.AudioTimestampPoller.STATE_TIMESTAMP, com.hurix.exoplayer3.audio.AudioTimestampPoller.STATE_TIMESTAMP_ADVANCING, com.hurix.exoplayer3.audio.AudioTimestampPoller.STATE_NO_TIMESTAMP, com.hurix.exoplayer3.audio.AudioTimestampPoller.STATE_ERROR}" />
    </annotation>
  </item>
  <item name="com.hurix.exoplayer3.audio.AudioTimestampPoller void updateState(int) 0">
    <annotation name="androidx.annotation.IntDef">
      <val name="value" val="{com.hurix.exoplayer3.audio.AudioTimestampPoller.STATE_INITIALIZING, com.hurix.exoplayer3.audio.AudioTimestampPoller.STATE_TIMESTAMP, com.hurix.exoplayer3.audio.AudioTimestampPoller.STATE_TIMESTAMP_ADVANCING, com.hurix.exoplayer3.audio.AudioTimestampPoller.STATE_NO_TIMESTAMP, com.hurix.exoplayer3.audio.AudioTimestampPoller.STATE_ERROR}" />
    </annotation>
  </item>
  <item name="com.hurix.exoplayer3.audio.AudioTrackPositionTracker boolean needsPassthroughWorkarounds(int) 0">
    <annotation name="androidx.annotation.IntDef">
      <val name="value" val="{com.hurix.exoplayer3.Format.NO_VALUE, com.hurix.exoplayer3.C.ENCODING_INVALID, com.hurix.exoplayer3.C.ENCODING_PCM_8BIT, com.hurix.exoplayer3.C.ENCODING_PCM_16BIT, com.hurix.exoplayer3.C.ENCODING_PCM_24BIT, com.hurix.exoplayer3.C.ENCODING_PCM_32BIT, com.hurix.exoplayer3.C.ENCODING_PCM_FLOAT, com.hurix.exoplayer3.C.ENCODING_PCM_MU_LAW, com.hurix.exoplayer3.C.ENCODING_PCM_A_LAW, com.hurix.exoplayer3.C.ENCODING_AC3, com.hurix.exoplayer3.C.ENCODING_E_AC3, com.hurix.exoplayer3.C.ENCODING_DTS, com.hurix.exoplayer3.C.ENCODING_DTS_HD, com.hurix.exoplayer3.C.ENCODING_DOLBY_TRUEHD}" />
    </annotation>
  </item>
  <item name="com.hurix.exoplayer3.audio.AudioTrackPositionTracker void setAudioTrack(android.media.AudioTrack, int, int, int) 1">
    <annotation name="androidx.annotation.IntDef">
      <val name="value" val="{com.hurix.exoplayer3.Format.NO_VALUE, com.hurix.exoplayer3.C.ENCODING_INVALID, com.hurix.exoplayer3.C.ENCODING_PCM_8BIT, com.hurix.exoplayer3.C.ENCODING_PCM_16BIT, com.hurix.exoplayer3.C.ENCODING_PCM_24BIT, com.hurix.exoplayer3.C.ENCODING_PCM_32BIT, com.hurix.exoplayer3.C.ENCODING_PCM_FLOAT, com.hurix.exoplayer3.C.ENCODING_PCM_MU_LAW, com.hurix.exoplayer3.C.ENCODING_PCM_A_LAW, com.hurix.exoplayer3.C.ENCODING_AC3, com.hurix.exoplayer3.C.ENCODING_E_AC3, com.hurix.exoplayer3.C.ENCODING_DTS, com.hurix.exoplayer3.C.ENCODING_DTS_HD, com.hurix.exoplayer3.C.ENCODING_DOLBY_TRUEHD}" />
    </annotation>
  </item>
  <item name="com.hurix.exoplayer3.audio.ChannelMappingAudioProcessor boolean configure(int, int, int) 2">
    <annotation name="androidx.annotation.IntDef">
      <val name="value" val="{com.hurix.exoplayer3.Format.NO_VALUE, com.hurix.exoplayer3.C.ENCODING_INVALID, com.hurix.exoplayer3.C.ENCODING_PCM_8BIT, com.hurix.exoplayer3.C.ENCODING_PCM_16BIT, com.hurix.exoplayer3.C.ENCODING_PCM_24BIT, com.hurix.exoplayer3.C.ENCODING_PCM_32BIT, com.hurix.exoplayer3.C.ENCODING_PCM_FLOAT, com.hurix.exoplayer3.C.ENCODING_PCM_MU_LAW, com.hurix.exoplayer3.C.ENCODING_PCM_A_LAW, com.hurix.exoplayer3.C.ENCODING_AC3, com.hurix.exoplayer3.C.ENCODING_E_AC3, com.hurix.exoplayer3.C.ENCODING_DTS, com.hurix.exoplayer3.C.ENCODING_DTS_HD, com.hurix.exoplayer3.C.ENCODING_DOLBY_TRUEHD}" />
    </annotation>
  </item>
  <item name="com.hurix.exoplayer3.audio.DefaultAudioSink boolean supportsOutput(int, int) 1">
    <annotation name="androidx.annotation.IntDef">
      <val name="value" val="{com.hurix.exoplayer3.Format.NO_VALUE, com.hurix.exoplayer3.C.ENCODING_INVALID, com.hurix.exoplayer3.C.ENCODING_PCM_8BIT, com.hurix.exoplayer3.C.ENCODING_PCM_16BIT, com.hurix.exoplayer3.C.ENCODING_PCM_24BIT, com.hurix.exoplayer3.C.ENCODING_PCM_32BIT, com.hurix.exoplayer3.C.ENCODING_PCM_FLOAT, com.hurix.exoplayer3.C.ENCODING_PCM_MU_LAW, com.hurix.exoplayer3.C.ENCODING_PCM_A_LAW, com.hurix.exoplayer3.C.ENCODING_AC3, com.hurix.exoplayer3.C.ENCODING_E_AC3, com.hurix.exoplayer3.C.ENCODING_DTS, com.hurix.exoplayer3.C.ENCODING_DTS_HD, com.hurix.exoplayer3.C.ENCODING_DOLBY_TRUEHD}" />
    </annotation>
  </item>
  <item name="com.hurix.exoplayer3.audio.DefaultAudioSink int getFramesPerEncodedSample(int, java.nio.ByteBuffer) 0">
    <annotation name="androidx.annotation.IntDef">
      <val name="value" val="{com.hurix.exoplayer3.Format.NO_VALUE, com.hurix.exoplayer3.C.ENCODING_INVALID, com.hurix.exoplayer3.C.ENCODING_PCM_8BIT, com.hurix.exoplayer3.C.ENCODING_PCM_16BIT, com.hurix.exoplayer3.C.ENCODING_PCM_24BIT, com.hurix.exoplayer3.C.ENCODING_PCM_32BIT, com.hurix.exoplayer3.C.ENCODING_PCM_FLOAT, com.hurix.exoplayer3.C.ENCODING_PCM_MU_LAW, com.hurix.exoplayer3.C.ENCODING_PCM_A_LAW, com.hurix.exoplayer3.C.ENCODING_AC3, com.hurix.exoplayer3.C.ENCODING_E_AC3, com.hurix.exoplayer3.C.ENCODING_DTS, com.hurix.exoplayer3.C.ENCODING_DTS_HD, com.hurix.exoplayer3.C.ENCODING_DOLBY_TRUEHD}" />
    </annotation>
  </item>
  <item name="com.hurix.exoplayer3.audio.DefaultAudioSink int getMaximumEncodedRateBytesPerSecond(int) 0">
    <annotation name="androidx.annotation.IntDef">
      <val name="value" val="{com.hurix.exoplayer3.Format.NO_VALUE, com.hurix.exoplayer3.C.ENCODING_INVALID, com.hurix.exoplayer3.C.ENCODING_PCM_8BIT, com.hurix.exoplayer3.C.ENCODING_PCM_16BIT, com.hurix.exoplayer3.C.ENCODING_PCM_24BIT, com.hurix.exoplayer3.C.ENCODING_PCM_32BIT, com.hurix.exoplayer3.C.ENCODING_PCM_FLOAT, com.hurix.exoplayer3.C.ENCODING_PCM_MU_LAW, com.hurix.exoplayer3.C.ENCODING_PCM_A_LAW, com.hurix.exoplayer3.C.ENCODING_AC3, com.hurix.exoplayer3.C.ENCODING_E_AC3, com.hurix.exoplayer3.C.ENCODING_DTS, com.hurix.exoplayer3.C.ENCODING_DTS_HD, com.hurix.exoplayer3.C.ENCODING_DOLBY_TRUEHD}" />
    </annotation>
  </item>
  <item name="com.hurix.exoplayer3.audio.DefaultAudioSink outputEncoding">
    <annotation name="androidx.annotation.IntDef">
      <val name="value" val="{com.hurix.exoplayer3.Format.NO_VALUE, com.hurix.exoplayer3.C.ENCODING_INVALID, com.hurix.exoplayer3.C.ENCODING_PCM_8BIT, com.hurix.exoplayer3.C.ENCODING_PCM_16BIT, com.hurix.exoplayer3.C.ENCODING_PCM_24BIT, com.hurix.exoplayer3.C.ENCODING_PCM_32BIT, com.hurix.exoplayer3.C.ENCODING_PCM_FLOAT, com.hurix.exoplayer3.C.ENCODING_PCM_MU_LAW, com.hurix.exoplayer3.C.ENCODING_PCM_A_LAW, com.hurix.exoplayer3.C.ENCODING_AC3, com.hurix.exoplayer3.C.ENCODING_E_AC3, com.hurix.exoplayer3.C.ENCODING_DTS, com.hurix.exoplayer3.C.ENCODING_DTS_HD, com.hurix.exoplayer3.C.ENCODING_DOLBY_TRUEHD}" />
    </annotation>
  </item>
  <item name="com.hurix.exoplayer3.audio.DefaultAudioSink startMediaTimeState">
    <annotation name="androidx.annotation.IntDef">
      <val name="value" val="{com.hurix.exoplayer3.audio.DefaultAudioSink.START_NOT_SET, com.hurix.exoplayer3.audio.DefaultAudioSink.START_IN_SYNC, com.hurix.exoplayer3.audio.DefaultAudioSink.START_NEED_SYNC}" />
    </annotation>
  </item>
  <item name="com.hurix.exoplayer3.audio.DefaultAudioSink void configure(int, int, int, int, int[], int, int) 0">
    <annotation name="androidx.annotation.IntDef">
      <val name="value" val="{com.hurix.exoplayer3.Format.NO_VALUE, com.hurix.exoplayer3.C.ENCODING_INVALID, com.hurix.exoplayer3.C.ENCODING_PCM_8BIT, com.hurix.exoplayer3.C.ENCODING_PCM_16BIT, com.hurix.exoplayer3.C.ENCODING_PCM_24BIT, com.hurix.exoplayer3.C.ENCODING_PCM_32BIT, com.hurix.exoplayer3.C.ENCODING_PCM_FLOAT, com.hurix.exoplayer3.C.ENCODING_PCM_MU_LAW, com.hurix.exoplayer3.C.ENCODING_PCM_A_LAW, com.hurix.exoplayer3.C.ENCODING_AC3, com.hurix.exoplayer3.C.ENCODING_E_AC3, com.hurix.exoplayer3.C.ENCODING_DTS, com.hurix.exoplayer3.C.ENCODING_DTS_HD, com.hurix.exoplayer3.C.ENCODING_DOLBY_TRUEHD}" />
    </annotation>
  </item>
  <item name="com.hurix.exoplayer3.audio.FloatResamplingAudioProcessor boolean configure(int, int, int) 2">
    <annotation name="androidx.annotation.IntDef">
      <val name="value" val="{com.hurix.exoplayer3.Format.NO_VALUE, com.hurix.exoplayer3.C.ENCODING_INVALID, com.hurix.exoplayer3.C.ENCODING_PCM_8BIT, com.hurix.exoplayer3.C.ENCODING_PCM_16BIT, com.hurix.exoplayer3.C.ENCODING_PCM_24BIT, com.hurix.exoplayer3.C.ENCODING_PCM_32BIT, com.hurix.exoplayer3.C.ENCODING_PCM_FLOAT, com.hurix.exoplayer3.C.ENCODING_PCM_MU_LAW, com.hurix.exoplayer3.C.ENCODING_PCM_A_LAW, com.hurix.exoplayer3.C.ENCODING_AC3, com.hurix.exoplayer3.C.ENCODING_E_AC3, com.hurix.exoplayer3.C.ENCODING_DTS, com.hurix.exoplayer3.C.ENCODING_DTS_HD, com.hurix.exoplayer3.C.ENCODING_DOLBY_TRUEHD}" />
    </annotation>
  </item>
  <item name="com.hurix.exoplayer3.audio.FloatResamplingAudioProcessor sourceEncoding">
    <annotation name="androidx.annotation.IntDef">
      <val name="value" val="{com.hurix.exoplayer3.Format.NO_VALUE, com.hurix.exoplayer3.C.ENCODING_INVALID, com.hurix.exoplayer3.C.ENCODING_PCM_8BIT, com.hurix.exoplayer3.C.ENCODING_PCM_16BIT, com.hurix.exoplayer3.C.ENCODING_PCM_24BIT, com.hurix.exoplayer3.C.ENCODING_PCM_32BIT, com.hurix.exoplayer3.C.ENCODING_PCM_FLOAT, com.hurix.exoplayer3.C.ENCODING_PCM_MU_LAW, com.hurix.exoplayer3.C.ENCODING_PCM_A_LAW}" />
    </annotation>
  </item>
  <item name="com.hurix.exoplayer3.audio.MediaCodecAudioRenderer int canKeepCodec(android.media.MediaCodec, com.hurix.exoplayer3.mediacodec.MediaCodecInfo, com.hurix.exoplayer3.Format, com.hurix.exoplayer3.Format)">
    <annotation name="androidx.annotation.IntDef">
      <val name="value" val="{com.hurix.exoplayer3.mediacodec.MediaCodecRenderer.KEEP_CODEC_RESULT_NO, com.hurix.exoplayer3.mediacodec.MediaCodecRenderer.KEEP_CODEC_RESULT_YES_WITHOUT_RECONFIGURATION, com.hurix.exoplayer3.mediacodec.MediaCodecRenderer.KEEP_CODEC_RESULT_YES_WITH_RECONFIGURATION}" />
    </annotation>
  </item>
  <item name="com.hurix.exoplayer3.audio.MediaCodecAudioRenderer pcmEncoding">
    <annotation name="androidx.annotation.IntDef">
      <val name="value" val="{com.hurix.exoplayer3.Format.NO_VALUE, com.hurix.exoplayer3.C.ENCODING_INVALID, com.hurix.exoplayer3.C.ENCODING_PCM_8BIT, com.hurix.exoplayer3.C.ENCODING_PCM_16BIT, com.hurix.exoplayer3.C.ENCODING_PCM_24BIT, com.hurix.exoplayer3.C.ENCODING_PCM_32BIT, com.hurix.exoplayer3.C.ENCODING_PCM_FLOAT, com.hurix.exoplayer3.C.ENCODING_PCM_MU_LAW, com.hurix.exoplayer3.C.ENCODING_PCM_A_LAW, com.hurix.exoplayer3.C.ENCODING_AC3, com.hurix.exoplayer3.C.ENCODING_E_AC3, com.hurix.exoplayer3.C.ENCODING_DTS, com.hurix.exoplayer3.C.ENCODING_DTS_HD, com.hurix.exoplayer3.C.ENCODING_DOLBY_TRUEHD}" />
    </annotation>
  </item>
  <item name="com.hurix.exoplayer3.audio.ResamplingAudioProcessor boolean configure(int, int, int) 2">
    <annotation name="androidx.annotation.IntDef">
      <val name="value" val="{com.hurix.exoplayer3.Format.NO_VALUE, com.hurix.exoplayer3.C.ENCODING_INVALID, com.hurix.exoplayer3.C.ENCODING_PCM_8BIT, com.hurix.exoplayer3.C.ENCODING_PCM_16BIT, com.hurix.exoplayer3.C.ENCODING_PCM_24BIT, com.hurix.exoplayer3.C.ENCODING_PCM_32BIT, com.hurix.exoplayer3.C.ENCODING_PCM_FLOAT, com.hurix.exoplayer3.C.ENCODING_PCM_MU_LAW, com.hurix.exoplayer3.C.ENCODING_PCM_A_LAW, com.hurix.exoplayer3.C.ENCODING_AC3, com.hurix.exoplayer3.C.ENCODING_E_AC3, com.hurix.exoplayer3.C.ENCODING_DTS, com.hurix.exoplayer3.C.ENCODING_DTS_HD, com.hurix.exoplayer3.C.ENCODING_DOLBY_TRUEHD}" />
    </annotation>
  </item>
  <item name="com.hurix.exoplayer3.audio.ResamplingAudioProcessor encoding">
    <annotation name="androidx.annotation.IntDef">
      <val name="value" val="{com.hurix.exoplayer3.Format.NO_VALUE, com.hurix.exoplayer3.C.ENCODING_INVALID, com.hurix.exoplayer3.C.ENCODING_PCM_8BIT, com.hurix.exoplayer3.C.ENCODING_PCM_16BIT, com.hurix.exoplayer3.C.ENCODING_PCM_24BIT, com.hurix.exoplayer3.C.ENCODING_PCM_32BIT, com.hurix.exoplayer3.C.ENCODING_PCM_FLOAT, com.hurix.exoplayer3.C.ENCODING_PCM_MU_LAW, com.hurix.exoplayer3.C.ENCODING_PCM_A_LAW}" />
    </annotation>
  </item>
  <item name="com.hurix.exoplayer3.audio.SilenceSkippingAudioProcessor int getOutputEncoding()">
    <annotation name="androidx.annotation.IntDef">
      <val name="value" val="{com.hurix.exoplayer3.Format.NO_VALUE, com.hurix.exoplayer3.C.ENCODING_INVALID, com.hurix.exoplayer3.C.ENCODING_PCM_8BIT, com.hurix.exoplayer3.C.ENCODING_PCM_16BIT, com.hurix.exoplayer3.C.ENCODING_PCM_24BIT, com.hurix.exoplayer3.C.ENCODING_PCM_32BIT, com.hurix.exoplayer3.C.ENCODING_PCM_FLOAT, com.hurix.exoplayer3.C.ENCODING_PCM_MU_LAW, com.hurix.exoplayer3.C.ENCODING_PCM_A_LAW, com.hurix.exoplayer3.C.ENCODING_AC3, com.hurix.exoplayer3.C.ENCODING_E_AC3, com.hurix.exoplayer3.C.ENCODING_DTS, com.hurix.exoplayer3.C.ENCODING_DTS_HD, com.hurix.exoplayer3.C.ENCODING_DOLBY_TRUEHD}" />
    </annotation>
  </item>
  <item name="com.hurix.exoplayer3.audio.SilenceSkippingAudioProcessor state">
    <annotation name="androidx.annotation.IntDef">
      <val name="value" val="{com.hurix.exoplayer3.audio.SilenceSkippingAudioProcessor.STATE_NOISY, com.hurix.exoplayer3.audio.SilenceSkippingAudioProcessor.STATE_MAYBE_SILENT, com.hurix.exoplayer3.audio.SilenceSkippingAudioProcessor.STATE_SILENT}" />
    </annotation>
  </item>
  <item name="com.hurix.exoplayer3.audio.SimpleDecoderAudioRenderer boolean supportsOutput(int, int) 1">
    <annotation name="androidx.annotation.IntDef">
      <val name="value" val="{com.hurix.exoplayer3.Format.NO_VALUE, com.hurix.exoplayer3.C.ENCODING_INVALID, com.hurix.exoplayer3.C.ENCODING_PCM_8BIT, com.hurix.exoplayer3.C.ENCODING_PCM_16BIT, com.hurix.exoplayer3.C.ENCODING_PCM_24BIT, com.hurix.exoplayer3.C.ENCODING_PCM_32BIT, com.hurix.exoplayer3.C.ENCODING_PCM_FLOAT, com.hurix.exoplayer3.C.ENCODING_PCM_MU_LAW, com.hurix.exoplayer3.C.ENCODING_PCM_A_LAW, com.hurix.exoplayer3.C.ENCODING_AC3, com.hurix.exoplayer3.C.ENCODING_E_AC3, com.hurix.exoplayer3.C.ENCODING_DTS, com.hurix.exoplayer3.C.ENCODING_DTS_HD, com.hurix.exoplayer3.C.ENCODING_DOLBY_TRUEHD}" />
    </annotation>
  </item>
  <item name="com.hurix.exoplayer3.audio.SimpleDecoderAudioRenderer decoderReinitializationState">
    <annotation name="androidx.annotation.IntDef">
      <val name="value" val="{com.hurix.exoplayer3.audio.SimpleDecoderAudioRenderer.REINITIALIZATION_STATE_NONE, com.hurix.exoplayer3.audio.SimpleDecoderAudioRenderer.REINITIALIZATION_STATE_SIGNAL_END_OF_STREAM, com.hurix.exoplayer3.audio.SimpleDecoderAudioRenderer.REINITIALIZATION_STATE_WAIT_END_OF_STREAM}" />
    </annotation>
  </item>
  <item name="com.hurix.exoplayer3.audio.SonicAudioProcessor boolean configure(int, int, int) 2">
    <annotation name="androidx.annotation.IntDef">
      <val name="value" val="{com.hurix.exoplayer3.Format.NO_VALUE, com.hurix.exoplayer3.C.ENCODING_INVALID, com.hurix.exoplayer3.C.ENCODING_PCM_8BIT, com.hurix.exoplayer3.C.ENCODING_PCM_16BIT, com.hurix.exoplayer3.C.ENCODING_PCM_24BIT, com.hurix.exoplayer3.C.ENCODING_PCM_32BIT, com.hurix.exoplayer3.C.ENCODING_PCM_FLOAT, com.hurix.exoplayer3.C.ENCODING_PCM_MU_LAW, com.hurix.exoplayer3.C.ENCODING_PCM_A_LAW, com.hurix.exoplayer3.C.ENCODING_AC3, com.hurix.exoplayer3.C.ENCODING_E_AC3, com.hurix.exoplayer3.C.ENCODING_DTS, com.hurix.exoplayer3.C.ENCODING_DTS_HD, com.hurix.exoplayer3.C.ENCODING_DOLBY_TRUEHD}" />
    </annotation>
  </item>
  <item name="com.hurix.exoplayer3.audio.TeeAudioProcessor boolean configure(int, int, int) 2">
    <annotation name="androidx.annotation.IntDef">
      <val name="value" val="{com.hurix.exoplayer3.Format.NO_VALUE, com.hurix.exoplayer3.C.ENCODING_INVALID, com.hurix.exoplayer3.C.ENCODING_PCM_8BIT, com.hurix.exoplayer3.C.ENCODING_PCM_16BIT, com.hurix.exoplayer3.C.ENCODING_PCM_24BIT, com.hurix.exoplayer3.C.ENCODING_PCM_32BIT, com.hurix.exoplayer3.C.ENCODING_PCM_FLOAT, com.hurix.exoplayer3.C.ENCODING_PCM_MU_LAW, com.hurix.exoplayer3.C.ENCODING_PCM_A_LAW, com.hurix.exoplayer3.C.ENCODING_AC3, com.hurix.exoplayer3.C.ENCODING_E_AC3, com.hurix.exoplayer3.C.ENCODING_DTS, com.hurix.exoplayer3.C.ENCODING_DTS_HD, com.hurix.exoplayer3.C.ENCODING_DOLBY_TRUEHD}" />
    </annotation>
  </item>
  <item name="com.hurix.exoplayer3.audio.TeeAudioProcessor encoding">
    <annotation name="androidx.annotation.IntDef">
      <val name="value" val="{com.hurix.exoplayer3.Format.NO_VALUE, com.hurix.exoplayer3.C.ENCODING_INVALID, com.hurix.exoplayer3.C.ENCODING_PCM_8BIT, com.hurix.exoplayer3.C.ENCODING_PCM_16BIT, com.hurix.exoplayer3.C.ENCODING_PCM_24BIT, com.hurix.exoplayer3.C.ENCODING_PCM_32BIT, com.hurix.exoplayer3.C.ENCODING_PCM_FLOAT, com.hurix.exoplayer3.C.ENCODING_PCM_MU_LAW, com.hurix.exoplayer3.C.ENCODING_PCM_A_LAW, com.hurix.exoplayer3.C.ENCODING_AC3, com.hurix.exoplayer3.C.ENCODING_E_AC3, com.hurix.exoplayer3.C.ENCODING_DTS, com.hurix.exoplayer3.C.ENCODING_DTS_HD, com.hurix.exoplayer3.C.ENCODING_DOLBY_TRUEHD}" />
    </annotation>
  </item>
  <item name="com.hurix.exoplayer3.audio.TeeAudioProcessor.AudioBufferSink void flush(int, int, int) 2">
    <annotation name="androidx.annotation.IntDef">
      <val name="value" val="{com.hurix.exoplayer3.Format.NO_VALUE, com.hurix.exoplayer3.C.ENCODING_INVALID, com.hurix.exoplayer3.C.ENCODING_PCM_8BIT, com.hurix.exoplayer3.C.ENCODING_PCM_16BIT, com.hurix.exoplayer3.C.ENCODING_PCM_24BIT, com.hurix.exoplayer3.C.ENCODING_PCM_32BIT, com.hurix.exoplayer3.C.ENCODING_PCM_FLOAT, com.hurix.exoplayer3.C.ENCODING_PCM_MU_LAW, com.hurix.exoplayer3.C.ENCODING_PCM_A_LAW, com.hurix.exoplayer3.C.ENCODING_AC3, com.hurix.exoplayer3.C.ENCODING_E_AC3, com.hurix.exoplayer3.C.ENCODING_DTS, com.hurix.exoplayer3.C.ENCODING_DTS_HD, com.hurix.exoplayer3.C.ENCODING_DOLBY_TRUEHD}" />
    </annotation>
  </item>
  <item name="com.hurix.exoplayer3.audio.TeeAudioProcessor.WavFileAudioBufferSink encoding">
    <annotation name="androidx.annotation.IntDef">
      <val name="value" val="{com.hurix.exoplayer3.Format.NO_VALUE, com.hurix.exoplayer3.C.ENCODING_INVALID, com.hurix.exoplayer3.C.ENCODING_PCM_8BIT, com.hurix.exoplayer3.C.ENCODING_PCM_16BIT, com.hurix.exoplayer3.C.ENCODING_PCM_24BIT, com.hurix.exoplayer3.C.ENCODING_PCM_32BIT, com.hurix.exoplayer3.C.ENCODING_PCM_FLOAT, com.hurix.exoplayer3.C.ENCODING_PCM_MU_LAW, com.hurix.exoplayer3.C.ENCODING_PCM_A_LAW, com.hurix.exoplayer3.C.ENCODING_AC3, com.hurix.exoplayer3.C.ENCODING_E_AC3, com.hurix.exoplayer3.C.ENCODING_DTS, com.hurix.exoplayer3.C.ENCODING_DTS_HD, com.hurix.exoplayer3.C.ENCODING_DOLBY_TRUEHD}" />
    </annotation>
  </item>
  <item name="com.hurix.exoplayer3.audio.TrimmingAudioProcessor boolean configure(int, int, int) 2">
    <annotation name="androidx.annotation.IntDef">
      <val name="value" val="{com.hurix.exoplayer3.Format.NO_VALUE, com.hurix.exoplayer3.C.ENCODING_INVALID, com.hurix.exoplayer3.C.ENCODING_PCM_8BIT, com.hurix.exoplayer3.C.ENCODING_PCM_16BIT, com.hurix.exoplayer3.C.ENCODING_PCM_24BIT, com.hurix.exoplayer3.C.ENCODING_PCM_32BIT, com.hurix.exoplayer3.C.ENCODING_PCM_FLOAT, com.hurix.exoplayer3.C.ENCODING_PCM_MU_LAW, com.hurix.exoplayer3.C.ENCODING_PCM_A_LAW, com.hurix.exoplayer3.C.ENCODING_AC3, com.hurix.exoplayer3.C.ENCODING_E_AC3, com.hurix.exoplayer3.C.ENCODING_DTS, com.hurix.exoplayer3.C.ENCODING_DTS_HD, com.hurix.exoplayer3.C.ENCODING_DOLBY_TRUEHD}" />
    </annotation>
  </item>
  <item name="com.hurix.exoplayer3.audio.WavUtil int getEncodingForType(int, int)">
    <annotation name="androidx.annotation.IntDef">
      <val name="value" val="{com.hurix.exoplayer3.Format.NO_VALUE, com.hurix.exoplayer3.C.ENCODING_INVALID, com.hurix.exoplayer3.C.ENCODING_PCM_8BIT, com.hurix.exoplayer3.C.ENCODING_PCM_16BIT, com.hurix.exoplayer3.C.ENCODING_PCM_24BIT, com.hurix.exoplayer3.C.ENCODING_PCM_32BIT, com.hurix.exoplayer3.C.ENCODING_PCM_FLOAT, com.hurix.exoplayer3.C.ENCODING_PCM_MU_LAW, com.hurix.exoplayer3.C.ENCODING_PCM_A_LAW}" />
    </annotation>
  </item>
  <item name="com.hurix.exoplayer3.audio.WavUtil int getTypeForEncoding(int) 0">
    <annotation name="androidx.annotation.IntDef">
      <val name="value" val="{com.hurix.exoplayer3.Format.NO_VALUE, com.hurix.exoplayer3.C.ENCODING_INVALID, com.hurix.exoplayer3.C.ENCODING_PCM_8BIT, com.hurix.exoplayer3.C.ENCODING_PCM_16BIT, com.hurix.exoplayer3.C.ENCODING_PCM_24BIT, com.hurix.exoplayer3.C.ENCODING_PCM_32BIT, com.hurix.exoplayer3.C.ENCODING_PCM_FLOAT, com.hurix.exoplayer3.C.ENCODING_PCM_MU_LAW, com.hurix.exoplayer3.C.ENCODING_PCM_A_LAW}" />
    </annotation>
  </item>
</root>

