<?xml version="1.0" encoding="UTF-8"?>
<root>
  <item name="com.hurix.exoplayer3.source.hls.playlist.HlsMediaPlaylist HlsMediaPlaylist(int, java.lang.String, java.util.List&lt;java.lang.String&gt;, long, long, boolean, int, long, int, long, boolean, boolean, boolean, com.hurix.exoplayer3.drm.DrmInitData, java.util.List&lt;com.hurix.exoplayer3.source.hls.playlist.HlsMediaPlaylist.Segment&gt;) 0">
    <annotation name="androidx.annotation.IntDef">
      <val name="value" val="{com.hurix.exoplayer3.source.hls.playlist.HlsMediaPlaylist.PLAYLIST_TYPE_UNKNOWN, com.hurix.exoplayer3.source.hls.playlist.HlsMediaPlaylist.PLAYLIST_TYPE_VOD, com.hurix.exoplayer3.source.hls.playlist.HlsMediaPlaylist.PLAYLIST_TYPE_EVENT}" />
    </annotation>
  </item>
  <item name="com.hurix.exoplayer3.source.hls.playlist.HlsMediaPlaylist playlistType">
    <annotation name="androidx.annotation.IntDef">
      <val name="value" val="{com.hurix.exoplayer3.source.hls.playlist.HlsMediaPlaylist.PLAYLIST_TYPE_UNKNOWN, com.hurix.exoplayer3.source.hls.playlist.HlsMediaPlaylist.PLAYLIST_TYPE_VOD, com.hurix.exoplayer3.source.hls.playlist.HlsMediaPlaylist.PLAYLIST_TYPE_EVENT}" />
    </annotation>
  </item>
  <item name="com.hurix.exoplayer3.source.hls.playlist.HlsMediaPlaylist.PlaylistType">
    <annotation name="androidx.annotation.IntDef">
      <val name="value" val="{com.hurix.exoplayer3.source.hls.playlist.HlsMediaPlaylist.PLAYLIST_TYPE_UNKNOWN, com.hurix.exoplayer3.source.hls.playlist.HlsMediaPlaylist.PLAYLIST_TYPE_VOD, com.hurix.exoplayer3.source.hls.playlist.HlsMediaPlaylist.PLAYLIST_TYPE_EVENT}" />
    </annotation>
  </item>
  <item name="com.hurix.exoplayer3.source.hls.playlist.HlsPlaylistParser int parseSelectionFlags(java.lang.String)">
    <annotation name="androidx.annotation.IntDef">
      <val name="flag" val="true" />
      <val name="value" val="{com.hurix.exoplayer3.C.SELECTION_FLAG_DEFAULT, com.hurix.exoplayer3.C.SELECTION_FLAG_FORCED, com.hurix.exoplayer3.C.SELECTION_FLAG_AUTOSELECT}" />
    </annotation>
  </item>
</root>

