<?xml version="1.0" encoding="UTF-8"?>
<root>
  <item name="com.hurix.exoplayer3.scheduler.Requirements Requirements(int, boolean, boolean) 0">
    <annotation name="androidx.annotation.IntDef">
      <val name="value" val="{com.hurix.exoplayer3.scheduler.Requirements.NETWORK_TYPE_NONE, com.hurix.exoplayer3.scheduler.Requirements.NETWORK_TYPE_ANY, com.hurix.exoplayer3.scheduler.Requirements.NETWORK_TYPE_UNMETERED, com.hurix.exoplayer3.scheduler.Requirements.NETWORK_TYPE_NOT_ROAMING, com.hurix.exoplayer3.scheduler.Requirements.NETWORK_TYPE_METERED}" />
    </annotation>
  </item>
  <item name="com.hurix.exoplayer3.scheduler.Requirements.NetworkType">
    <annotation name="androidx.annotation.IntDef">
      <val name="value" val="{com.hurix.exoplayer3.scheduler.Requirements.NETWORK_TYPE_NONE, com.hurix.exoplayer3.scheduler.Requirements.NETWORK_TYPE_ANY, com.hurix.exoplayer3.scheduler.Requirements.NETWORK_TYPE_UNMETERED, com.hurix.exoplayer3.scheduler.Requirements.NETWORK_TYPE_NOT_ROAMING, com.hurix.exoplayer3.scheduler.Requirements.NETWORK_TYPE_METERED}" />
    </annotation>
  </item>
</root>

